,t,c,producto,CantidadPedir
0,1,0,1,0
1,1,0,2,0
2,1,0,3,12
3,1,0,4,0
4,1,0,5,0
5,1,0,6,12
6,1,0,7,0
7,1,0,8,0
8,1,0,9,0
9,1,0,10,0
10,1,0,11,0
11,1,0,12,0
12,1,0,13,0
13,1,0,14,0
14,1,0,15,12
15,1,1,1,0
16,1,1,2,0
17,1,1,3,0
18,1,1,4,0
19,1,1,5,0
20,1,1,6,0
21,1,1,7,0
22,1,1,8,0
23,1,1,9,0
24,1,1,10,0
25,1,1,11,0
26,1,1,12,0
27,1,1,13,0
28,1,1,14,0
29,1,1,15,0
30,1,2,1,0
31,1,2,2,0
32,1,2,3,0
33,1,2,4,0
34,1,2,5,0
35,1,2,6,0
36,1,2,7,0
37,1,2,8,0
38,1,2,9,0
39,1,2,10,0
40,1,2,11,0
41,1,2,12,0
42,1,2,13,0
43,1,2,14,0
44,1,2,15,0
45,1,3,1,0
46,1,3,2,0
47,1,3,3,0
48,1,3,4,10
49,1,3,5,7
50,1,3,6,0
51,1,3,7,1
52,1,3,8,2
53,1,3,9,0
54,1,3,10,0
55,1,3,11,0
56,1,3,12,4
57,1,3,13,12
58,1,3,14,0
59,1,3,15,0
60,1,4,1,10
61,1,4,2,11
62,1,4,3,0
63,1,4,4,0
64,1,4,5,0
65,1,4,6,0
66,1,4,7,0
67,1,4,8,3
68,1,4,9,0
69,1,4,10,0
70,1,4,11,0
71,1,4,12,0
72,1,4,13,12
73,1,4,14,0
74,1,4,15,0
75,1,5,1,0
76,1,5,2,0
77,1,5,3,2
78,1,5,4,3
79,1,5,5,3
80,1,5,6,0
81,1,5,7,6
82,1,5,8,0
83,1,5,9,2
84,1,5,10,2
85,1,5,11,1
86,1,5,12,1
87,1,5,13,0
88,1,5,14,1
89,1,5,15,14
90,1,6,1,0
91,1,6,2,0
92,1,6,3,0
93,1,6,4,0
94,1,6,5,0
95,1,6,6,0
96,1,6,7,0
97,1,6,8,0
98,1,6,9,0
99,1,6,10,0
100,1,6,11,0
101,1,6,12,0
102,1,6,13,0
103,1,6,14,0
104,1,6,15,0
105,1,7,1,0
106,1,7,2,0
107,1,7,3,0
108,1,7,4,0
109,1,7,5,0
110,1,7,6,0
111,1,7,7,0
112,1,7,8,0
113,1,7,9,0
114,1,7,10,0
115,1,7,11,0
116,1,7,12,0
117,1,7,13,0
118,1,7,14,0
119,1,7,15,0
120,1,8,1,0
121,1,8,2,0
122,1,8,3,0
123,1,8,4,0
124,1,8,5,0
125,1,8,6,0
126,1,8,7,0
127,1,8,8,0
128,1,8,9,0
129,1,8,10,0
130,1,8,11,0
131,1,8,12,0
132,1,8,13,0
133,1,8,14,0
134,1,8,15,0
135,1,9,1,0
136,1,9,2,0
137,1,9,3,0
138,1,9,4,0
139,1,9,5,0
140,1,9,6,0
141,1,9,7,0
142,1,9,8,0
143,1,9,9,0
144,1,9,10,0
145,1,9,11,0
146,1,9,12,0
147,1,9,13,0
148,1,9,14,0
149,1,9,15,0
150,2,0,1,0
151,2,0,2,0
152,2,0,3,32
153,2,0,4,0
154,2,0,5,0
155,2,0,6,0
156,2,0,7,0
157,2,0,8,0
158,2,0,9,0
159,2,0,10,0
160,2,0,11,0
161,2,0,12,0
162,2,0,13,0
163,2,0,14,0
164,2,0,15,0
165,2,1,1,0
166,2,1,2,23
167,2,1,3,0
168,2,1,4,0
169,2,1,5,1
170,2,1,6,0
171,2,1,7,0
172,2,1,8,0
173,2,1,9,0
174,2,1,10,1
175,2,1,11,3
176,2,1,12,0
177,2,1,13,0
178,2,1,14,1
179,2,1,15,5
180,2,2,1,0
181,2,2,2,8
182,2,2,3,0
183,2,2,4,15
184,2,2,5,0
185,2,2,6,0
186,2,2,7,0
187,2,2,8,0
188,2,2,9,0
189,2,2,10,9
190,2,2,11,0
191,2,2,12,0
192,2,2,13,0
193,2,2,14,0
194,2,2,15,0
195,2,3,1,0
196,2,3,2,0
197,2,3,3,0
198,2,3,4,0
199,2,3,5,0
200,2,3,6,32
201,2,3,7,0
202,2,3,8,0
203,2,3,9,0
204,2,3,10,0
205,2,3,11,0
206,2,3,12,0
207,2,3,13,0
208,2,3,14,0
209,2,3,15,0
210,2,4,1,0
211,2,4,2,0
212,2,4,3,0
213,2,4,4,0
214,2,4,5,0
215,2,4,6,0
216,2,4,7,0
217,2,4,8,0
218,2,4,9,0
219,2,4,10,0
220,2,4,11,0
221,2,4,12,0
222,2,4,13,0
223,2,4,14,0
224,2,4,15,0
225,2,5,1,0
226,2,5,2,0
227,2,5,3,0
228,2,5,4,0
229,2,5,5,0
230,2,5,6,27
231,2,5,7,0
232,2,5,8,5
233,2,5,9,0
234,2,5,10,0
235,2,5,11,0
236,2,5,12,0
237,2,5,13,0
238,2,5,14,0
239,2,5,15,0
240,2,6,1,10
241,2,6,2,0
242,2,6,3,18
243,2,6,4,0
244,2,6,5,0
245,2,6,6,0
246,2,6,7,0
247,2,6,8,0
248,2,6,9,0
249,2,6,10,0
250,2,6,11,0
251,2,6,12,0
252,2,6,13,6
253,2,6,14,0
254,2,6,15,0
255,2,7,1,0
256,2,7,2,0
257,2,7,3,0
258,2,7,4,0
259,2,7,5,0
260,2,7,6,0
261,2,7,7,0
262,2,7,8,0
263,2,7,9,0
264,2,7,10,0
265,2,7,11,0
266,2,7,12,0
267,2,7,13,0
268,2,7,14,0
269,2,7,15,0
270,2,8,1,0
271,2,8,2,0
272,2,8,3,0
273,2,8,4,0
274,2,8,5,8
275,2,8,6,18
276,2,8,7,2
277,2,8,8,0
278,2,8,9,0
279,2,8,10,0
280,2,8,11,0
281,2,8,12,0
282,2,8,13,6
283,2,8,14,0
284,2,8,15,0
285,2,9,1,0
286,2,9,2,0
287,2,9,3,0
288,2,9,4,0
289,2,9,5,0
290,2,9,6,24
291,2,9,7,0
292,2,9,8,0
293,2,9,9,0
294,2,9,10,0
295,2,9,11,0
296,2,9,12,0
297,2,9,13,12
298,2,9,14,0
299,2,9,15,0
300,3,0,1,0
301,3,0,2,0
302,3,0,3,0
303,3,0,4,0
304,3,0,5,0
305,3,0,6,0
306,3,0,7,0
307,3,0,8,0
308,3,0,9,0
309,3,0,10,0
310,3,0,11,0
311,3,0,12,0
312,3,0,13,0
313,3,0,14,0
314,3,0,15,0
315,3,1,1,0
316,3,1,2,0
317,3,1,3,0
318,3,1,4,0
319,3,1,5,0
320,3,1,6,24
321,3,1,7,0
322,3,1,8,0
323,3,1,9,0
324,3,1,10,0
325,3,1,11,0
326,3,1,12,0
327,3,1,13,0
328,3,1,14,0
329,3,1,15,12
330,3,2,1,0
331,3,2,2,0
332,3,2,3,0
333,3,2,4,28
334,3,2,5,0
335,3,2,6,0
336,3,2,7,0
337,3,2,8,0
338,3,2,9,0
339,3,2,10,0
340,3,2,11,0
341,3,2,12,0
342,3,2,13,0
343,3,2,14,3
344,3,2,15,3
345,3,3,1,0
346,3,3,2,0
347,3,3,3,0
348,3,3,4,26
349,3,3,5,0
350,3,3,6,0
351,3,3,7,6
352,3,3,8,0
353,3,3,9,0
354,3,3,10,0
355,3,3,11,0
356,3,3,12,0
357,3,3,13,0
358,3,3,14,0
359,3,3,15,0
360,3,4,1,0
361,3,4,2,0
362,3,4,3,0
363,3,4,4,0
364,3,4,5,0
365,3,4,6,0
366,3,4,7,0
367,3,4,8,0
368,3,4,9,0
369,3,4,10,0
370,3,4,11,0
371,3,4,12,0
372,3,4,13,0
373,3,4,14,0
374,3,4,15,0
375,3,5,1,0
376,3,5,2,0
377,3,5,3,0
378,3,5,4,0
379,3,5,5,0
380,3,5,6,0
381,3,5,7,0
382,3,5,8,0
383,3,5,9,0
384,3,5,10,0
385,3,5,11,0
386,3,5,12,0
387,3,5,13,0
388,3,5,14,0
389,3,5,15,0
390,3,6,1,0
391,3,6,2,0
392,3,6,3,0
393,3,6,4,0
394,3,6,5,0
395,3,6,6,0
396,3,6,7,0
397,3,6,8,0
398,3,6,9,0
399,3,6,10,0
400,3,6,11,0
401,3,6,12,0
402,3,6,13,0
403,3,6,14,0
404,3,6,15,0
405,3,7,1,0
406,3,7,2,0
407,3,7,3,0
408,3,7,4,0
409,3,7,5,0
410,3,7,6,0
411,3,7,7,0
412,3,7,8,0
413,3,7,9,0
414,3,7,10,0
415,3,7,11,0
416,3,7,12,0
417,3,7,13,0
418,3,7,14,0
419,3,7,15,0
420,3,8,1,0
421,3,8,2,0
422,3,8,3,0
423,3,8,4,0
424,3,8,5,0
425,3,8,6,0
426,3,8,7,0
427,3,8,8,0
428,3,8,9,0
429,3,8,10,0
430,3,8,11,0
431,3,8,12,0
432,3,8,13,0
433,3,8,14,0
434,3,8,15,0
435,3,9,1,11
436,3,9,2,0
437,3,9,3,0
438,3,9,4,2
439,3,9,5,6
440,3,9,6,0
441,3,9,7,0
442,3,9,8,4
443,3,9,9,1
444,3,9,10,0
445,3,9,11,0
446,3,9,12,0
447,3,9,13,0
448,3,9,14,0
449,3,9,15,12
450,4,0,1,10
451,4,0,2,0
452,4,0,3,0
453,4,0,4,0
454,4,0,5,10
455,4,0,6,0
456,4,0,7,6
457,4,0,8,5
458,4,0,9,1
459,4,0,10,0
460,4,0,11,0
461,4,0,12,0
462,4,0,13,0
463,4,0,14,0
464,4,0,15,0
465,4,1,1,0
466,4,1,2,0
467,4,1,3,0
468,4,1,4,0
469,4,1,5,0
470,4,1,6,0
471,4,1,7,0
472,4,1,8,0
473,4,1,9,0
474,4,1,10,0
475,4,1,11,0
476,4,1,12,0
477,4,1,13,0
478,4,1,14,0
479,4,1,15,0
480,4,2,1,0
481,4,2,2,0
482,4,2,3,0
483,4,2,4,0
484,4,2,5,0
485,4,2,6,0
486,4,2,7,0
487,4,2,8,0
488,4,2,9,0
489,4,2,10,0
490,4,2,11,0
491,4,2,12,0
492,4,2,13,0
493,4,2,14,0
494,4,2,15,0
495,4,3,1,0
496,4,3,2,0
497,4,3,3,0
498,4,3,4,0
499,4,3,5,0
500,4,3,6,0
501,4,3,7,0
502,4,3,8,0
503,4,3,9,0
504,4,3,10,0
505,4,3,11,0
506,4,3,12,0
507,4,3,13,0
508,4,3,14,0
509,4,3,15,0
510,4,4,1,0
511,4,4,2,0
512,4,4,3,0
513,4,4,4,0
514,4,4,5,0
515,4,4,6,0
516,4,4,7,0
517,4,4,8,0
518,4,4,9,0
519,4,4,10,0
520,4,4,11,0
521,4,4,12,0
522,4,4,13,0
523,4,4,14,0
524,4,4,15,0
525,4,5,1,0
526,4,5,2,0
527,4,5,3,0
528,4,5,4,0
529,4,5,5,0
530,4,5,6,0
531,4,5,7,0
532,4,5,8,0
533,4,5,9,0
534,4,5,10,0
535,4,5,11,0
536,4,5,12,0
537,4,5,13,0
538,4,5,14,0
539,4,5,15,0
540,4,6,1,0
541,4,6,2,0
542,4,6,3,0
543,4,6,4,0
544,4,6,5,0
545,4,6,6,0
546,4,6,7,0
547,4,6,8,0
548,4,6,9,0
549,4,6,10,0
550,4,6,11,0
551,4,6,12,0
552,4,6,13,0
553,4,6,14,0
554,4,6,15,0
555,4,7,1,0
556,4,7,2,0
557,4,7,3,0
558,4,7,4,0
559,4,7,5,0
560,4,7,6,0
561,4,7,7,0
562,4,7,8,0
563,4,7,9,0
564,4,7,10,0
565,4,7,11,0
566,4,7,12,0
567,4,7,13,0
568,4,7,14,0
569,4,7,15,0
570,4,8,1,0
571,4,8,2,0
572,4,8,3,0
573,4,8,4,0
574,4,8,5,0
575,4,8,6,0
576,4,8,7,0
577,4,8,8,0
578,4,8,9,0
579,4,8,10,0
580,4,8,11,0
581,4,8,12,0
582,4,8,13,0
583,4,8,14,0
584,4,8,15,0
585,4,9,1,0
586,4,9,2,0
587,4,9,3,0
588,4,9,4,0
589,4,9,5,0
590,4,9,6,0
591,4,9,7,0
592,4,9,8,0
593,4,9,9,0
594,4,9,10,0
595,4,9,11,0
596,4,9,12,0
597,4,9,13,0
598,4,9,14,0
599,4,9,15,0
600,5,0,1,0
601,5,0,2,0
602,5,0,3,20
603,5,0,4,0
604,5,0,5,0
605,5,0,6,0
606,5,0,7,0
607,5,0,8,0
608,5,0,9,0
609,5,0,10,0
610,5,0,11,4
611,5,0,12,0
612,5,0,13,0
613,5,0,14,0
614,5,0,15,12
615,5,1,1,0
616,5,1,2,0
617,5,1,3,0
618,5,1,4,0
619,5,1,5,0
620,5,1,6,0
621,5,1,7,0
622,5,1,8,0
623,5,1,9,0
624,5,1,10,0
625,5,1,11,0
626,5,1,12,0
627,5,1,13,0
628,5,1,14,0
629,5,1,15,0
630,5,2,1,0
631,5,2,2,0
632,5,2,3,0
633,5,2,4,0
634,5,2,5,0
635,5,2,6,0
636,5,2,7,0
637,5,2,8,0
638,5,2,9,0
639,5,2,10,0
640,5,2,11,0
641,5,2,12,0
642,5,2,13,0
643,5,2,14,0
644,5,2,15,0
645,5,3,1,0
646,5,3,2,21
647,5,3,3,0
648,5,3,4,0
649,5,3,5,1
650,5,3,6,0
651,5,3,7,2
652,5,3,8,0
653,5,3,9,0
654,5,3,10,0
655,5,3,11,0
656,5,3,12,0
657,5,3,13,12
658,5,3,14,0
659,5,3,15,0
660,5,4,1,0
661,5,4,2,0
662,5,4,3,0
663,5,4,4,0
664,5,4,5,0
665,5,4,6,0
666,5,4,7,0
667,5,4,8,0
668,5,4,9,0
669,5,4,10,0
670,5,4,11,0
671,5,4,12,0
672,5,4,13,0
673,5,4,14,0
674,5,4,15,0
675,5,5,1,0
676,5,5,2,0
677,5,5,3,0
678,5,5,4,0
679,5,5,5,0
680,5,5,6,0
681,5,5,7,0
682,5,5,8,0
683,5,5,9,0
684,5,5,10,0
685,5,5,11,0
686,5,5,12,0
687,5,5,13,0
688,5,5,14,0
689,5,5,15,0
690,5,6,1,0
691,5,6,2,0
692,5,6,3,0
693,5,6,4,0
694,5,6,5,0
695,5,6,6,0
696,5,6,7,0
697,5,6,8,0
698,5,6,9,0
699,5,6,10,0
700,5,6,11,0
701,5,6,12,0
702,5,6,13,0
703,5,6,14,0
704,5,6,15,0
705,5,7,1,11
706,5,7,2,0
707,5,7,3,0
708,5,7,4,0
709,5,7,5,7
710,5,7,6,0
711,5,7,7,0
712,5,7,8,5
713,5,7,9,0
714,5,7,10,1
715,5,7,11,0
716,5,7,12,0
717,5,7,13,12
718,5,7,14,0
719,5,7,15,0
720,5,8,1,0
721,5,8,2,0
722,5,8,3,0
723,5,8,4,0
724,5,8,5,0
725,5,8,6,0
726,5,8,7,0
727,5,8,8,0
728,5,8,9,0
729,5,8,10,0
730,5,8,11,0
731,5,8,12,0
732,5,8,13,0
733,5,8,14,0
734,5,8,15,0
735,5,9,1,0
736,5,9,2,0
737,5,9,3,0
738,5,9,4,25
739,5,9,5,0
740,5,9,6,0
741,5,9,7,2
742,5,9,8,0
743,5,9,9,1
744,5,9,10,0
745,5,9,11,0
746,5,9,12,0
747,5,9,13,0
748,5,9,14,0
749,5,9,15,6
750,6,0,1,0
751,6,0,2,0
752,6,0,3,0
753,6,0,4,0
754,6,0,5,0
755,6,0,6,0
756,6,0,7,0
757,6,0,8,0
758,6,0,9,0
759,6,0,10,0
760,6,0,11,0
761,6,0,12,0
762,6,0,13,0
763,6,0,14,0
764,6,0,15,0
765,6,1,1,9
766,6,1,2,0
767,6,1,3,0
768,6,1,4,0
769,6,1,5,5
770,6,1,6,1
771,6,1,7,6
772,6,1,8,0
773,6,1,9,1
774,6,1,10,0
775,6,1,11,0
776,6,1,12,2
777,6,1,13,0
778,6,1,14,0
779,6,1,15,12
780,6,2,1,0
781,6,2,2,0
782,6,2,3,0
783,6,2,4,0
784,6,2,5,0
785,6,2,6,0
786,6,2,7,0
787,6,2,8,0
788,6,2,9,0
789,6,2,10,0
790,6,2,11,0
791,6,2,12,0
792,6,2,13,0
793,6,2,14,0
794,6,2,15,0
795,6,3,1,0
796,6,3,2,0
797,6,3,3,0
798,6,3,4,0
799,6,3,5,0
800,6,3,6,0
801,6,3,7,0
802,6,3,8,0
803,6,3,9,0
804,6,3,10,0
805,6,3,11,0
806,6,3,12,0
807,6,3,13,0
808,6,3,14,0
809,6,3,15,0
810,6,4,1,0
811,6,4,2,0
812,6,4,3,0
813,6,4,4,0
814,6,4,5,0
815,6,4,6,0
816,6,4,7,0
817,6,4,8,0
818,6,4,9,0
819,6,4,10,0
820,6,4,11,0
821,6,4,12,0
822,6,4,13,0
823,6,4,14,0
824,6,4,15,0
825,6,5,1,0
826,6,5,2,0
827,6,5,3,0
828,6,5,4,0
829,6,5,5,0
830,6,5,6,0
831,6,5,7,0
832,6,5,8,0
833,6,5,9,0
834,6,5,10,0
835,6,5,11,0
836,6,5,12,0
837,6,5,13,0
838,6,5,14,0
839,6,5,15,0
840,6,6,1,1
841,6,6,2,0
842,6,6,3,0
843,6,6,4,0
844,6,6,5,7
845,6,6,6,0
846,6,6,7,1
847,6,6,8,19
848,6,6,9,0
849,6,6,10,0
850,6,6,11,0
851,6,6,12,0
852,6,6,13,6
853,6,6,14,0
854,6,6,15,0
855,6,7,1,0
856,6,7,2,0
857,6,7,3,0
858,6,7,4,0
859,6,7,5,0
860,6,7,6,0
861,6,7,7,0
862,6,7,8,0
863,6,7,9,0
864,6,7,10,0
865,6,7,11,0
866,6,7,12,0
867,6,7,13,0
868,6,7,14,0
869,6,7,15,0
870,6,8,1,0
871,6,8,2,0
872,6,8,3,0
873,6,8,4,0
874,6,8,5,0
875,6,8,6,0
876,6,8,7,0
877,6,8,8,0
878,6,8,9,0
879,6,8,10,0
880,6,8,11,0
881,6,8,12,0
882,6,8,13,0
883,6,8,14,0
884,6,8,15,0
885,6,9,1,0
886,6,9,2,0
887,6,9,3,0
888,6,9,4,0
889,6,9,5,0
890,6,9,6,0
891,6,9,7,0
892,6,9,8,0
893,6,9,9,0
894,6,9,10,0
895,6,9,11,0
896,6,9,12,0
897,6,9,13,0
898,6,9,14,0
899,6,9,15,0
900,7,0,1,0
901,7,0,2,0
902,7,0,3,0
903,7,0,4,0
904,7,0,5,0
905,7,0,6,0
906,7,0,7,0
907,7,0,8,0
908,7,0,9,0
909,7,0,10,0
910,7,0,11,0
911,7,0,12,0
912,7,0,13,0
913,7,0,14,0
914,7,0,15,0
915,7,1,1,11
916,7,1,2,11
917,7,1,3,5
918,7,1,4,0
919,7,1,5,0
920,7,1,6,0
921,7,1,7,1
922,7,1,8,0
923,7,1,9,0
924,7,1,10,0
925,7,1,11,0
926,7,1,12,0
927,7,1,13,0
928,7,1,14,0
929,7,1,15,6
930,7,2,1,0
931,7,2,2,0
932,7,2,3,0
933,7,2,4,0
934,7,2,5,0
935,7,2,6,0
936,7,2,7,0
937,7,2,8,0
938,7,2,9,0
939,7,2,10,0
940,7,2,11,0
941,7,2,12,0
942,7,2,13,0
943,7,2,14,0
944,7,2,15,0
945,7,3,1,0
946,7,3,2,0
947,7,3,3,0
948,7,3,4,0
949,7,3,5,0
950,7,3,6,0
951,7,3,7,0
952,7,3,8,0
953,7,3,9,0
954,7,3,10,0
955,7,3,11,0
956,7,3,12,0
957,7,3,13,0
958,7,3,14,0
959,7,3,15,0
960,7,4,1,0
961,7,4,2,0
962,7,4,3,0
963,7,4,4,0
964,7,4,5,0
965,7,4,6,0
966,7,4,7,0
967,7,4,8,0
968,7,4,9,0
969,7,4,10,0
970,7,4,11,0
971,7,4,12,0
972,7,4,13,0
973,7,4,14,0
974,7,4,15,0
975,7,5,1,21
976,7,5,2,0
977,7,5,3,0
978,7,5,4,0
979,7,5,5,0
980,7,5,6,0
981,7,5,7,0
982,7,5,8,0
983,7,5,9,2
984,7,5,10,0
985,7,5,11,0
986,7,5,12,1
987,7,5,13,0
988,7,5,14,0
989,7,5,15,12
990,7,6,1,0
991,7,6,2,0
992,7,6,3,0
993,7,6,4,0
994,7,6,5,0
995,7,6,6,0
996,7,6,7,0
997,7,6,8,0
998,7,6,9,0
999,7,6,10,0
1000,7,6,11,0
1001,7,6,12,0
1002,7,6,13,0
1003,7,6,14,0
1004,7,6,15,0
1005,7,7,1,0
1006,7,7,2,0
1007,7,7,3,0
1008,7,7,4,0
1009,7,7,5,0
1010,7,7,6,0
1011,7,7,7,0
1012,7,7,8,0
1013,7,7,9,0
1014,7,7,10,0
1015,7,7,11,0
1016,7,7,12,0
1017,7,7,13,0
1018,7,7,14,0
1019,7,7,15,0
1020,7,8,1,0
1021,7,8,2,0
1022,7,8,3,0
1023,7,8,4,0
1024,7,8,5,0
1025,7,8,6,0
1026,7,8,7,0
1027,7,8,8,0
1028,7,8,9,0
1029,7,8,10,0
1030,7,8,11,0
1031,7,8,12,0
1032,7,8,13,0
1033,7,8,14,0
1034,7,8,15,0
1035,7,9,1,0
1036,7,9,2,0
1037,7,9,3,0
1038,7,9,4,0
1039,7,9,5,0
1040,7,9,6,0
1041,7,9,7,0
1042,7,9,8,0
1043,7,9,9,0
1044,7,9,10,0
1045,7,9,11,0
1046,7,9,12,0
1047,7,9,13,0
1048,7,9,14,0
1049,7,9,15,0
1050,8,0,1,0
1051,8,0,2,0
1052,8,0,3,0
1053,8,0,4,0
1054,8,0,5,0
1055,8,0,6,0
1056,8,0,7,0
1057,8,0,8,0
1058,8,0,9,0
1059,8,0,10,0
1060,8,0,11,0
1061,8,0,12,0
1062,8,0,13,0
1063,8,0,14,0
1064,8,0,15,0
1065,8,1,1,0
1066,8,1,2,0
1067,8,1,3,0
1068,8,1,4,0
1069,8,1,5,0
1070,8,1,6,0
1071,8,1,7,0
1072,8,1,8,0
1073,8,1,9,0
1074,8,1,10,0
1075,8,1,11,0
1076,8,1,12,0
1077,8,1,13,0
1078,8,1,14,0
1079,8,1,15,0
1080,8,2,1,0
1081,8,2,2,0
1082,8,2,3,0
1083,8,2,4,0
1084,8,2,5,0
1085,8,2,6,0
1086,8,2,7,0
1087,8,2,8,0
1088,8,2,9,0
1089,8,2,10,0
1090,8,2,11,0
1091,8,2,12,0
1092,8,2,13,0
1093,8,2,14,0
1094,8,2,15,0
1095,8,3,1,0
1096,8,3,2,0
1097,8,3,3,9
1098,8,3,4,0
1099,8,3,5,20
1100,8,3,6,0
1101,8,3,7,3
1102,8,3,8,0
1103,8,3,9,0
1104,8,3,10,0
1105,8,3,11,0
1106,8,3,12,0
1107,8,3,13,0
1108,8,3,14,0
1109,8,3,15,0
1110,8,4,1,0
1111,8,4,2,0
1112,8,4,3,0
1113,8,4,4,0
1114,8,4,5,0
1115,8,4,6,0
1116,8,4,7,0
1117,8,4,8,0
1118,8,4,9,0
1119,8,4,10,0
1120,8,4,11,0
1121,8,4,12,0
1122,8,4,13,0
1123,8,4,14,0
1124,8,4,15,0
1125,8,5,1,0
1126,8,5,2,0
1127,8,5,3,0
1128,8,5,4,0
1129,8,5,5,0
1130,8,5,6,0
1131,8,5,7,0
1132,8,5,8,0
1133,8,5,9,0
1134,8,5,10,0
1135,8,5,11,0
1136,8,5,12,0
1137,8,5,13,0
1138,8,5,14,0
1139,8,5,15,0
1140,8,6,1,0
1141,8,6,2,10
1142,8,6,3,4
1143,8,6,4,0
1144,8,6,5,0
1145,8,6,6,0
1146,8,6,7,10
1147,8,6,8,0
1148,8,6,9,0
1149,8,6,10,0
1150,8,6,11,0
1151,8,6,12,0
1152,8,6,13,0
1153,8,6,14,0
1154,8,6,15,12
1155,8,7,1,0
1156,8,7,2,0
1157,8,7,3,0
1158,8,7,4,0
1159,8,7,5,0
1160,8,7,6,0
1161,8,7,7,0
1162,8,7,8,0
1163,8,7,9,0
1164,8,7,10,0
1165,8,7,11,0
1166,8,7,12,0
1167,8,7,13,0
1168,8,7,14,0
1169,8,7,15,0
1170,8,8,1,0
1171,8,8,2,0
1172,8,8,3,0
1173,8,8,4,0
1174,8,8,5,0
1175,8,8,6,0
1176,8,8,7,0
1177,8,8,8,0
1178,8,8,9,0
1179,8,8,10,0
1180,8,8,11,0
1181,8,8,12,0
1182,8,8,13,0
1183,8,8,14,0
1184,8,8,15,0
1185,8,9,1,0
1186,8,9,2,0
1187,8,9,3,0
1188,8,9,4,0
1189,8,9,5,0
1190,8,9,6,0
1191,8,9,7,0
1192,8,9,8,0
1193,8,9,9,0
1194,8,9,10,0
1195,8,9,11,0
1196,8,9,12,0
1197,8,9,13,0
1198,8,9,14,0
1199,8,9,15,0
1200,9,0,1,0
1201,9,0,2,27
1202,9,0,3,0
1203,9,0,4,0
1204,9,0,5,1
1205,9,0,6,0
1206,9,0,7,0
1207,9,0,8,0
1208,9,0,9,0
1209,9,0,10,0
1210,9,0,11,0
1211,9,0,12,0
1212,9,0,13,6
1213,9,0,14,0
1214,9,0,15,0
1215,9,1,1,0
1216,9,1,2,0
1217,9,1,3,0
1218,9,1,4,0
1219,9,1,5,0
1220,9,1,6,0
1221,9,1,7,0
1222,9,1,8,0
1223,9,1,9,0
1224,9,1,10,0
1225,9,1,11,0
1226,9,1,12,0
1227,9,1,13,0
1228,9,1,14,0
1229,9,1,15,0
1230,9,2,1,0
1231,9,2,2,0
1232,9,2,3,24
1233,9,2,4,0
1234,9,2,5,0
1235,9,2,6,0
1236,9,2,7,0
1237,9,2,8,0
1238,9,2,9,0
1239,9,2,10,0
1240,9,2,11,0
1241,9,2,12,0
1242,9,2,13,6
1243,9,2,14,0
1244,9,2,15,6
1245,9,3,1,0
1246,9,3,2,0
1247,9,3,3,0
1248,9,3,4,0
1249,9,3,5,0
1250,9,3,6,0
1251,9,3,7,0
1252,9,3,8,0
1253,9,3,9,0
1254,9,3,10,0
1255,9,3,11,0
1256,9,3,12,0
1257,9,3,13,0
1258,9,3,14,0
1259,9,3,15,0
1260,9,4,1,0
1261,9,4,2,0
1262,9,4,3,0
1263,9,4,4,0
1264,9,4,5,0
1265,9,4,6,0
1266,9,4,7,0
1267,9,4,8,0
1268,9,4,9,0
1269,9,4,10,0
1270,9,4,11,0
1271,9,4,12,0
1272,9,4,13,0
1273,9,4,14,0
1274,9,4,15,0
1275,9,5,1,0
1276,9,5,2,0
1277,9,5,3,0
1278,9,5,4,0
1279,9,5,5,0
1280,9,5,6,20
1281,9,5,7,0
1282,9,5,8,0
1283,9,5,9,1
1284,9,5,10,0
1285,9,5,11,0
1286,9,5,12,3
1287,9,5,13,7
1288,9,5,14,5
1289,9,5,15,0
1290,9,6,1,0
1291,9,6,2,0
1292,9,6,3,0
1293,9,6,4,0
1294,9,6,5,0
1295,9,6,6,0
1296,9,6,7,0
1297,9,6,8,0
1298,9,6,9,0
1299,9,6,10,0
1300,9,6,11,0
1301,9,6,12,0
1302,9,6,13,0
1303,9,6,14,0
1304,9,6,15,0
1305,9,7,1,0
1306,9,7,2,23
1307,9,7,3,0
1308,9,7,4,0
1309,9,7,5,0
1310,9,7,6,0
1311,9,7,7,0
1312,9,7,8,0
1313,9,7,9,0
1314,9,7,10,0
1315,9,7,11,1
1316,9,7,12,0
1317,9,7,13,0
1318,9,7,14,0
1319,9,7,15,12
1320,9,8,1,0
1321,9,8,2,0
1322,9,8,3,0
1323,9,8,4,0
1324,9,8,5,0
1325,9,8,6,0
1326,9,8,7,0
1327,9,8,8,0
1328,9,8,9,0
1329,9,8,10,0
1330,9,8,11,0
1331,9,8,12,0
1332,9,8,13,0
1333,9,8,14,0
1334,9,8,15,0
1335,9,9,1,0
1336,9,9,2,0
1337,9,9,3,0
1338,9,9,4,0
1339,9,9,5,0
1340,9,9,6,0
1341,9,9,7,0
1342,9,9,8,0
1343,9,9,9,0
1344,9,9,10,0
1345,9,9,11,0
1346,9,9,12,0
1347,9,9,13,0
1348,9,9,14,0
1349,9,9,15,0
1350,10,0,1,0
1351,10,0,2,0
1352,10,0,3,0
1353,10,0,4,0
1354,10,0,5,0
1355,10,0,6,0
1356,10,0,7,0
1357,10,0,8,0
1358,10,0,9,0
1359,10,0,10,0
1360,10,0,11,0
1361,10,0,12,0
1362,10,0,13,0
1363,10,0,14,0
1364,10,0,15,0
1365,10,1,1,21
1366,10,1,2,1
1367,10,1,3,0
1368,10,1,4,0
1369,10,1,5,0
1370,10,1,6,0
1371,10,1,7,0
1372,10,1,8,0
1373,10,1,9,0
1374,10,1,10,0
1375,10,1,11,2
1376,10,1,12,0
1377,10,1,13,0
1378,10,1,14,0
1379,10,1,15,12
1380,10,2,1,0
1381,10,2,2,0
1382,10,2,3,0
1383,10,2,4,0
1384,10,2,5,0
1385,10,2,6,0
1386,10,2,7,0
1387,10,2,8,0
1388,10,2,9,0
1389,10,2,10,0
1390,10,2,11,0
1391,10,2,12,0
1392,10,2,13,0
1393,10,2,14,0
1394,10,2,15,0
1395,10,3,1,0
1396,10,3,2,0
1397,10,3,3,0
1398,10,3,4,0
1399,10,3,5,0
1400,10,3,6,0
1401,10,3,7,0
1402,10,3,8,0
1403,10,3,9,0
1404,10,3,10,0
1405,10,3,11,0
1406,10,3,12,0
1407,10,3,13,0
1408,10,3,14,0
1409,10,3,15,0
1410,10,4,1,0
1411,10,4,2,0
1412,10,4,3,0
1413,10,4,4,0
1414,10,4,5,0
1415,10,4,6,0
1416,10,4,7,0
1417,10,4,8,0
1418,10,4,9,0
1419,10,4,10,0
1420,10,4,11,0
1421,10,4,12,0
1422,10,4,13,0
1423,10,4,14,0
1424,10,4,15,0
1425,10,5,1,0
1426,10,5,2,21
1427,10,5,3,0
1428,10,5,4,0
1429,10,5,5,1
1430,10,5,6,0
1431,10,5,7,0
1432,10,5,8,0
1433,10,5,9,2
1434,10,5,10,0
1435,10,5,11,0
1436,10,5,12,0
1437,10,5,13,0
1438,10,5,14,0
1439,10,5,15,12
1440,10,6,1,0
1441,10,6,2,0
1442,10,6,3,19
1443,10,6,4,0
1444,10,6,5,0
1445,10,6,6,0
1446,10,6,7,0
1447,10,6,8,13
1448,10,6,9,0
1449,10,6,10,0
1450,10,6,11,0
1451,10,6,12,0
1452,10,6,13,0
1453,10,6,14,0
1454,10,6,15,0
1455,10,7,1,0
1456,10,7,2,0
1457,10,7,3,18
1458,10,7,4,1
1459,10,7,5,0
1460,10,7,6,0
1461,10,7,7,0
1462,10,7,8,0
1463,10,7,9,0
1464,10,7,10,0
1465,10,7,11,0
1466,10,7,12,5
1467,10,7,13,0
1468,10,7,14,0
1469,10,7,15,12
1470,10,8,1,0
1471,10,8,2,0
1472,10,8,3,0
1473,10,8,4,0
1474,10,8,5,0
1475,10,8,6,0
1476,10,8,7,0
1477,10,8,8,0
1478,10,8,9,0
1479,10,8,10,0
1480,10,8,11,0
1481,10,8,12,0
1482,10,8,13,0
1483,10,8,14,0
1484,10,8,15,0
1485,10,9,1,0
1486,10,9,2,0
1487,10,9,3,0
1488,10,9,4,0
1489,10,9,5,0
1490,10,9,6,0
1491,10,9,7,0
1492,10,9,8,0
1493,10,9,9,0
1494,10,9,10,0
1495,10,9,11,0
1496,10,9,12,0
1497,10,9,13,0
1498,10,9,14,0
1499,10,9,15,0
1500,11,0,1,0
1501,11,0,2,0
1502,11,0,3,0
1503,11,0,4,0
1504,11,0,5,0
1505,11,0,6,0
1506,11,0,7,0
1507,11,0,8,0
1508,11,0,9,0
1509,11,0,10,0
1510,11,0,11,0
1511,11,0,12,0
1512,11,0,13,0
1513,11,0,14,0
1514,11,0,15,0
1515,11,1,1,0
1516,11,1,2,0
1517,11,1,3,0
1518,11,1,4,0
1519,11,1,5,0
1520,11,1,6,0
1521,11,1,7,0
1522,11,1,8,0
1523,11,1,9,0
1524,11,1,10,0
1525,11,1,11,0
1526,11,1,12,0
1527,11,1,13,0
1528,11,1,14,0
1529,11,1,15,0
1530,11,2,1,0
1531,11,2,2,0
1532,11,2,3,0
1533,11,2,4,0
1534,11,2,5,0
1535,11,2,6,0
1536,11,2,7,0
1537,11,2,8,0
1538,11,2,9,0
1539,11,2,10,0
1540,11,2,11,0
1541,11,2,12,0
1542,11,2,13,0
1543,11,2,14,0
1544,11,2,15,0
1545,11,3,1,0
1546,11,3,2,0
1547,11,3,3,0
1548,11,3,4,0
1549,11,3,5,0
1550,11,3,6,0
1551,11,3,7,0
1552,11,3,8,0
1553,11,3,9,0
1554,11,3,10,0
1555,11,3,11,0
1556,11,3,12,0
1557,11,3,13,0
1558,11,3,14,0
1559,11,3,15,0
1560,11,4,1,0
1561,11,4,2,0
1562,11,4,3,0
1563,11,4,4,0
1564,11,4,5,0
1565,11,4,6,0
1566,11,4,7,0
1567,11,4,8,0
1568,11,4,9,0
1569,11,4,10,0
1570,11,4,11,0
1571,11,4,12,0
1572,11,4,13,0
1573,11,4,14,0
1574,11,4,15,0
1575,11,5,1,0
1576,11,5,2,0
1577,11,5,3,0
1578,11,5,4,0
1579,11,5,5,0
1580,11,5,6,0
1581,11,5,7,0
1582,11,5,8,0
1583,11,5,9,0
1584,11,5,10,0
1585,11,5,11,0
1586,11,5,12,0
1587,11,5,13,0
1588,11,5,14,0
1589,11,5,15,0
1590,11,6,1,0
1591,11,6,2,0
1592,11,6,3,0
1593,11,6,4,0
1594,11,6,5,0
1595,11,6,6,0
1596,11,6,7,0
1597,11,6,8,0
1598,11,6,9,0
1599,11,6,10,0
1600,11,6,11,0
1601,11,6,12,0
1602,11,6,13,0
1603,11,6,14,0
1604,11,6,15,0
1605,11,7,1,0
1606,11,7,2,0
1607,11,7,3,0
1608,11,7,4,0
1609,11,7,5,0
1610,11,7,6,0
1611,11,7,7,0
1612,11,7,8,0
1613,11,7,9,0
1614,11,7,10,0
1615,11,7,11,0
1616,11,7,12,0
1617,11,7,13,0
1618,11,7,14,0
1619,11,7,15,0
1620,11,8,1,0
1621,11,8,2,0
1622,11,8,3,0
1623,11,8,4,0
1624,11,8,5,0
1625,11,8,6,0
1626,11,8,7,0
1627,11,8,8,0
1628,11,8,9,0
1629,11,8,10,0
1630,11,8,11,0
1631,11,8,12,0
1632,11,8,13,0
1633,11,8,14,0
1634,11,8,15,0
1635,11,9,1,0
1636,11,9,2,0
1637,11,9,3,0
1638,11,9,4,0
1639,11,9,5,0
1640,11,9,6,0
1641,11,9,7,0
1642,11,9,8,0
1643,11,9,9,0
1644,11,9,10,0
1645,11,9,11,0
1646,11,9,12,0
1647,11,9,13,0
1648,11,9,14,0
1649,11,9,15,0
1650,12,0,1,0
1651,12,0,2,0
1652,12,0,3,0
1653,12,0,4,0
1654,12,0,5,0
1655,12,0,6,0
1656,12,0,7,0
1657,12,0,8,0
1658,12,0,9,0
1659,12,0,10,0
1660,12,0,11,0
1661,12,0,12,0
1662,12,0,13,0
1663,12,0,14,0
1664,12,0,15,0
1665,12,1,1,0
1666,12,1,2,0
1667,12,1,3,24
1668,12,1,4,0
1669,12,1,5,0
1670,12,1,6,0
1671,12,1,7,2
1672,12,1,8,0
1673,12,1,9,1
1674,12,1,10,0
1675,12,1,11,1
1676,12,1,12,0
1677,12,1,13,6
1678,12,1,14,0
1679,12,1,15,0
1680,12,2,1,0
1681,12,2,2,0
1682,12,2,3,0
1683,12,2,4,0
1684,12,2,5,0
1685,12,2,6,0
1686,12,2,7,0
1687,12,2,8,0
1688,12,2,9,0
1689,12,2,10,0
1690,12,2,11,0
1691,12,2,12,0
1692,12,2,13,0
1693,12,2,14,0
1694,12,2,15,0
1695,12,3,1,0
1696,12,3,2,0
1697,12,3,3,0
1698,12,3,4,0
1699,12,3,5,0
1700,12,3,6,0
1701,12,3,7,0
1702,12,3,8,0
1703,12,3,9,0
1704,12,3,10,0
1705,12,3,11,0
1706,12,3,12,0
1707,12,3,13,0
1708,12,3,14,0
1709,12,3,15,0
1710,12,4,1,0
1711,12,4,2,0
1712,12,4,3,0
1713,12,4,4,0
1714,12,4,5,0
1715,12,4,6,0
1716,12,4,7,0
1717,12,4,8,0
1718,12,4,9,0
1719,12,4,10,0
1720,12,4,11,0
1721,12,4,12,0
1722,12,4,13,0
1723,12,4,14,0
1724,12,4,15,0
1725,12,5,1,0
1726,12,5,2,0
1727,12,5,3,0
1728,12,5,4,0
1729,12,5,5,0
1730,12,5,6,0
1731,12,5,7,0
1732,12,5,8,0
1733,12,5,9,0
1734,12,5,10,0
1735,12,5,11,0
1736,12,5,12,0
1737,12,5,13,0
1738,12,5,14,0
1739,12,5,15,0
1740,12,6,1,19
1741,12,6,2,0
1742,12,6,3,0
1743,12,6,4,0
1744,12,6,5,0
1745,12,6,6,0
1746,12,6,7,2
1747,12,6,8,2
1748,12,6,9,0
1749,12,6,10,1
1750,12,6,11,0
1751,12,6,12,0
1752,12,6,13,12
1753,12,6,14,0
1754,12,6,15,0
1755,12,7,1,0
1756,12,7,2,0
1757,12,7,3,0
1758,12,7,4,0
1759,12,7,5,0
1760,12,7,6,0
1761,12,7,7,0
1762,12,7,8,0
1763,12,7,9,0
1764,12,7,10,0
1765,12,7,11,0
1766,12,7,12,0
1767,12,7,13,0
1768,12,7,14,0
1769,12,7,15,0
1770,12,8,1,0
1771,12,8,2,0
1772,12,8,3,0
1773,12,8,4,0
1774,12,8,5,0
1775,12,8,6,0
1776,12,8,7,0
1777,12,8,8,0
1778,12,8,9,0
1779,12,8,10,0
1780,12,8,11,0
1781,12,8,12,0
1782,12,8,13,0
1783,12,8,14,0
1784,12,8,15,0
1785,12,9,1,0
1786,12,9,2,0
1787,12,9,3,0
1788,12,9,4,0
1789,12,9,5,0
1790,12,9,6,0
1791,12,9,7,0
1792,12,9,8,0
1793,12,9,9,0
1794,12,9,10,0
1795,12,9,11,0
1796,12,9,12,0
1797,12,9,13,0
1798,12,9,14,0
1799,12,9,15,0
1800,13,0,1,0
1801,13,0,2,0
1802,13,0,3,0
1803,13,0,4,0
1804,13,0,5,0
1805,13,0,6,0
1806,13,0,7,0
1807,13,0,8,0
1808,13,0,9,0
1809,13,0,10,0
1810,13,0,11,0
1811,13,0,12,0
1812,13,0,13,0
1813,13,0,14,0
1814,13,0,15,0
1815,13,1,1,21
1816,13,1,2,0
1817,13,1,3,0
1818,13,1,4,0
1819,13,1,5,0
1820,13,1,6,0
1821,13,1,7,2
1822,13,1,8,0
1823,13,1,9,0
1824,13,1,10,1
1825,13,1,11,0
1826,13,1,12,0
1827,13,1,13,0
1828,13,1,14,0
1829,13,1,15,12
1830,13,2,1,12
1831,13,2,2,0
1832,13,2,3,0
1833,13,2,4,0
1834,13,2,5,0
1835,13,2,6,0
1836,13,2,7,2
1837,13,2,8,3
1838,13,2,9,3
1839,13,2,10,0
1840,13,2,11,4
1841,13,2,12,0
1842,13,2,13,0
1843,13,2,14,0
1844,13,2,15,12
1845,13,3,1,0
1846,13,3,2,0
1847,13,3,3,0
1848,13,3,4,0
1849,13,3,5,0
1850,13,3,6,0
1851,13,3,7,0
1852,13,3,8,0
1853,13,3,9,0
1854,13,3,10,0
1855,13,3,11,0
1856,13,3,12,0
1857,13,3,13,0
1858,13,3,14,0
1859,13,3,15,0
1860,13,4,1,0
1861,13,4,2,0
1862,13,4,3,0
1863,13,4,4,0
1864,13,4,5,0
1865,13,4,6,0
1866,13,4,7,0
1867,13,4,8,0
1868,13,4,9,0
1869,13,4,10,0
1870,13,4,11,0
1871,13,4,12,0
1872,13,4,13,0
1873,13,4,14,0
1874,13,4,15,0
1875,13,5,1,0
1876,13,5,2,0
1877,13,5,3,0
1878,13,5,4,0
1879,13,5,5,0
1880,13,5,6,0
1881,13,5,7,0
1882,13,5,8,0
1883,13,5,9,0
1884,13,5,10,0
1885,13,5,11,0
1886,13,5,12,0
1887,13,5,13,0
1888,13,5,14,0
1889,13,5,15,0
1890,13,6,1,0
1891,13,6,2,0
1892,13,6,3,0
1893,13,6,4,0
1894,13,6,5,0
1895,13,6,6,0
1896,13,6,7,0
1897,13,6,8,0
1898,13,6,9,0
1899,13,6,10,0
1900,13,6,11,0
1901,13,6,12,0
1902,13,6,13,0
1903,13,6,14,0
1904,13,6,15,0
1905,13,7,1,0
1906,13,7,2,0
1907,13,7,3,0
1908,13,7,4,0
1909,13,7,5,0
1910,13,7,6,0
1911,13,7,7,0
1912,13,7,8,0
1913,13,7,9,0
1914,13,7,10,0
1915,13,7,11,0
1916,13,7,12,0
1917,13,7,13,0
1918,13,7,14,0
1919,13,7,15,0
1920,13,8,1,0
1921,13,8,2,0
1922,13,8,3,0
1923,13,8,4,0
1924,13,8,5,0
1925,13,8,6,0
1926,13,8,7,0
1927,13,8,8,0
1928,13,8,9,0
1929,13,8,10,0
1930,13,8,11,0
1931,13,8,12,0
1932,13,8,13,0
1933,13,8,14,0
1934,13,8,15,0
1935,13,9,1,0
1936,13,9,2,0
1937,13,9,3,0
1938,13,9,4,0
1939,13,9,5,0
1940,13,9,6,0
1941,13,9,7,0
1942,13,9,8,0
1943,13,9,9,0
1944,13,9,10,0
1945,13,9,11,0
1946,13,9,12,0
1947,13,9,13,0
1948,13,9,14,0
1949,13,9,15,0
1950,14,0,1,0
1951,14,0,2,0
1952,14,0,3,0
1953,14,0,4,0
1954,14,0,5,0
1955,14,0,6,0
1956,14,0,7,0
1957,14,0,8,0
1958,14,0,9,0
1959,14,0,10,0
1960,14,0,11,0
1961,14,0,12,0
1962,14,0,13,0
1963,14,0,14,0
1964,14,0,15,0
1965,14,1,1,0
1966,14,1,2,0
1967,14,1,3,0
1968,14,1,4,0
1969,14,1,5,0
1970,14,1,6,0
1971,14,1,7,0
1972,14,1,8,0
1973,14,1,9,0
1974,14,1,10,0
1975,14,1,11,0
1976,14,1,12,0
1977,14,1,13,0
1978,14,1,14,0
1979,14,1,15,0
1980,14,2,1,0
1981,14,2,2,0
1982,14,2,3,0
1983,14,2,4,0
1984,14,2,5,0
1985,14,2,6,0
1986,14,2,7,0
1987,14,2,8,0
1988,14,2,9,0
1989,14,2,10,0
1990,14,2,11,0
1991,14,2,12,0
1992,14,2,13,0
1993,14,2,14,0
1994,14,2,15,0
1995,14,3,1,0
1996,14,3,2,0
1997,14,3,3,0
1998,14,3,4,0
1999,14,3,5,0
2000,14,3,6,0
2001,14,3,7,0
2002,14,3,8,0
2003,14,3,9,0
2004,14,3,10,0
2005,14,3,11,0
2006,14,3,12,0
2007,14,3,13,0
2008,14,3,14,0
2009,14,3,15,0
2010,14,4,1,0
2011,14,4,2,0
2012,14,4,3,0
2013,14,4,4,0
2014,14,4,5,29
2015,14,4,6,0
2016,14,4,7,0
2017,14,4,8,3
2018,14,4,9,0
2019,14,4,10,0
2020,14,4,11,0
2021,14,4,12,0
2022,14,4,13,0
2023,14,4,14,0
2024,14,4,15,0
2025,14,5,1,0
2026,14,5,2,0
2027,14,5,3,0
2028,14,5,4,0
2029,14,5,5,0
2030,14,5,6,0
2031,14,5,7,0
2032,14,5,8,0
2033,14,5,9,0
2034,14,5,10,0
2035,14,5,11,0
2036,14,5,12,0
2037,14,5,13,0
2038,14,5,14,0
2039,14,5,15,0
2040,14,6,1,0
2041,14,6,2,17
2042,14,6,3,0
2043,14,6,4,0
2044,14,6,5,0
2045,14,6,6,0
2046,14,6,7,0
2047,14,6,8,7
2048,14,6,9,0
2049,14,6,10,0
2050,14,6,11,0
2051,14,6,12,0
2052,14,6,13,5
2053,14,6,14,0
2054,14,6,15,7
2055,14,7,1,0
2056,14,7,2,0
2057,14,7,3,0
2058,14,7,4,0
2059,14,7,5,0
2060,14,7,6,0
2061,14,7,7,0
2062,14,7,8,0
2063,14,7,9,0
2064,14,7,10,0
2065,14,7,11,0
2066,14,7,12,0
2067,14,7,13,0
2068,14,7,14,0
2069,14,7,15,0
2070,14,8,1,0
2071,14,8,2,0
2072,14,8,3,0
2073,14,8,4,0
2074,14,8,5,0
2075,14,8,6,0
2076,14,8,7,0
2077,14,8,8,0
2078,14,8,9,0
2079,14,8,10,0
2080,14,8,11,0
2081,14,8,12,0
2082,14,8,13,0
2083,14,8,14,0
2084,14,8,15,0
2085,14,9,1,0
2086,14,9,2,0
2087,14,9,3,0
2088,14,9,4,17
2089,14,9,5,7
2090,14,9,6,0
2091,14,9,7,0
2092,14,9,8,0
2093,14,9,9,0
2094,14,9,10,0
2095,14,9,11,0
2096,14,9,12,0
2097,14,9,13,0
2098,14,9,14,1
2099,14,9,15,11
2100,15,0,1,0
2101,15,0,2,0
2102,15,0,3,0
2103,15,0,4,0
2104,15,0,5,0
2105,15,0,6,0
2106,15,0,7,0
2107,15,0,8,0
2108,15,0,9,0
2109,15,0,10,0
2110,15,0,11,0
2111,15,0,12,0
2112,15,0,13,0
2113,15,0,14,0
2114,15,0,15,0
2115,15,1,1,0
2116,15,1,2,0
2117,15,1,3,0
2118,15,1,4,0
2119,15,1,5,0
2120,15,1,6,0
2121,15,1,7,0
2122,15,1,8,0
2123,15,1,9,0
2124,15,1,10,0
2125,15,1,11,0
2126,15,1,12,0
2127,15,1,13,0
2128,15,1,14,0
2129,15,1,15,0
2130,15,2,1,0
2131,15,2,2,0
2132,15,2,3,0
2133,15,2,4,0
2134,15,2,5,0
2135,15,2,6,0
2136,15,2,7,0
2137,15,2,8,0
2138,15,2,9,0
2139,15,2,10,0
2140,15,2,11,0
2141,15,2,12,0
2142,15,2,13,0
2143,15,2,14,0
2144,15,2,15,0
2145,15,3,1,0
2146,15,3,2,0
2147,15,3,3,32
2148,15,3,4,0
2149,15,3,5,0
2150,15,3,6,0
2151,15,3,7,0
2152,15,3,8,0
2153,15,3,9,0
2154,15,3,10,0
2155,15,3,11,0
2156,15,3,12,0
2157,15,3,13,0
2158,15,3,14,0
2159,15,3,15,0
2160,15,4,1,0
2161,15,4,2,0
2162,15,4,3,0
2163,15,4,4,0
2164,15,4,5,0
2165,15,4,6,0
2166,15,4,7,0
2167,15,4,8,0
2168,15,4,9,0
2169,15,4,10,0
2170,15,4,11,0
2171,15,4,12,0
2172,15,4,13,0
2173,15,4,14,0
2174,15,4,15,0
2175,15,5,1,0
2176,15,5,2,0
2177,15,5,3,0
2178,15,5,4,0
2179,15,5,5,0
2180,15,5,6,0
2181,15,5,7,0
2182,15,5,8,0
2183,15,5,9,0
2184,15,5,10,0
2185,15,5,11,0
2186,15,5,12,0
2187,15,5,13,0
2188,15,5,14,0
2189,15,5,15,0
2190,15,6,1,0
2191,15,6,2,0
2192,15,6,3,0
2193,15,6,4,0
2194,15,6,5,0
2195,15,6,6,0
2196,15,6,7,0
2197,15,6,8,0
2198,15,6,9,0
2199,15,6,10,0
2200,15,6,11,0
2201,15,6,12,0
2202,15,6,13,0
2203,15,6,14,0
2204,15,6,15,0
2205,15,7,1,0
2206,15,7,2,0
2207,15,7,3,0
2208,15,7,4,0
2209,15,7,5,0
2210,15,7,6,0
2211,15,7,7,0
2212,15,7,8,0
2213,15,7,9,0
2214,15,7,10,0
2215,15,7,11,0
2216,15,7,12,0
2217,15,7,13,0
2218,15,7,14,0
2219,15,7,15,0
2220,15,8,1,0
2221,15,8,2,0
2222,15,8,3,0
2223,15,8,4,0
2224,15,8,5,0
2225,15,8,6,0
2226,15,8,7,0
2227,15,8,8,0
2228,15,8,9,0
2229,15,8,10,0
2230,15,8,11,0
2231,15,8,12,0
2232,15,8,13,0
2233,15,8,14,0
2234,15,8,15,0
2235,15,9,1,0
2236,15,9,2,0
2237,15,9,3,0
2238,15,9,4,0
2239,15,9,5,0
2240,15,9,6,0
2241,15,9,7,0
2242,15,9,8,0
2243,15,9,9,0
2244,15,9,10,0
2245,15,9,11,0
2246,15,9,12,0
2247,15,9,13,0
2248,15,9,14,0
2249,15,9,15,0
2250,16,0,1,0
2251,16,0,2,0
2252,16,0,3,0
2253,16,0,4,20
2254,16,0,5,0
2255,16,0,6,0
2256,16,0,7,3
2257,16,0,8,5
2258,16,0,9,0
2259,16,0,10,0
2260,16,0,11,0
2261,16,0,12,0
2262,16,0,13,0
2263,16,0,14,0
2264,16,0,15,6
2265,16,1,1,0
2266,16,1,2,0
2267,16,1,3,0
2268,16,1,4,0
2269,16,1,5,0
2270,16,1,6,0
2271,16,1,7,0
2272,16,1,8,0
2273,16,1,9,0
2274,16,1,10,0
2275,16,1,11,0
2276,16,1,12,0
2277,16,1,13,0
2278,16,1,14,0
2279,16,1,15,0
2280,16,2,1,0
2281,16,2,2,0
2282,16,2,3,0
2283,16,2,4,0
2284,16,2,5,0
2285,16,2,6,0
2286,16,2,7,0
2287,16,2,8,0
2288,16,2,9,0
2289,16,2,10,0
2290,16,2,11,0
2291,16,2,12,0
2292,16,2,13,0
2293,16,2,14,0
2294,16,2,15,0
2295,16,3,1,0
2296,16,3,2,0
2297,16,3,3,0
2298,16,3,4,0
2299,16,3,5,0
2300,16,3,6,0
2301,16,3,7,0
2302,16,3,8,0
2303,16,3,9,0
2304,16,3,10,0
2305,16,3,11,0
2306,16,3,12,0
2307,16,3,13,0
2308,16,3,14,0
2309,16,3,15,0
2310,16,4,1,0
2311,16,4,2,0
2312,16,4,3,0
2313,16,4,4,0
2314,16,4,5,0
2315,16,4,6,0
2316,16,4,7,0
2317,16,4,8,0
2318,16,4,9,0
2319,16,4,10,0
2320,16,4,11,0
2321,16,4,12,0
2322,16,4,13,0
2323,16,4,14,0
2324,16,4,15,0
2325,16,5,1,0
2326,16,5,2,0
2327,16,5,3,0
2328,16,5,4,0
2329,16,5,5,0
2330,16,5,6,0
2331,16,5,7,0
2332,16,5,8,0
2333,16,5,9,0
2334,16,5,10,0
2335,16,5,11,0
2336,16,5,12,0
2337,16,5,13,0
2338,16,5,14,0
2339,16,5,15,0
2340,16,6,1,0
2341,16,6,2,0
2342,16,6,3,0
2343,16,6,4,0
2344,16,6,5,0
2345,16,6,6,0
2346,16,6,7,0
2347,16,6,8,0
2348,16,6,9,0
2349,16,6,10,0
2350,16,6,11,0
2351,16,6,12,0
2352,16,6,13,0
2353,16,6,14,0
2354,16,6,15,0
2355,16,7,1,0
2356,16,7,2,0
2357,16,7,3,22
2358,16,7,4,0
2359,16,7,5,0
2360,16,7,6,0
2361,16,7,7,0
2362,16,7,8,0
2363,16,7,9,1
2364,16,7,10,1
2365,16,7,11,0
2366,16,7,12,0
2367,16,7,13,4
2368,16,7,14,0
2369,16,7,15,8
2370,16,8,1,0
2371,16,8,2,0
2372,16,8,3,0
2373,16,8,4,0
2374,16,8,5,0
2375,16,8,6,0
2376,16,8,7,0
2377,16,8,8,0
2378,16,8,9,0
2379,16,8,10,0
2380,16,8,11,0
2381,16,8,12,0
2382,16,8,13,0
2383,16,8,14,0
2384,16,8,15,0
2385,16,9,1,0
2386,16,9,2,0
2387,16,9,3,0
2388,16,9,4,0
2389,16,9,5,0
2390,16,9,6,0
2391,16,9,7,0
2392,16,9,8,0
2393,16,9,9,0
2394,16,9,10,0
2395,16,9,11,0
2396,16,9,12,0
2397,16,9,13,0
2398,16,9,14,0
2399,16,9,15,0
2400,17,0,1,0
2401,17,0,2,0
2402,17,0,3,0
2403,17,0,4,0
2404,17,0,5,0
2405,17,0,6,0
2406,17,0,7,0
2407,17,0,8,0
2408,17,0,9,0
2409,17,0,10,0
2410,17,0,11,0
2411,17,0,12,0
2412,17,0,13,0
2413,17,0,14,0
2414,17,0,15,0
2415,17,1,1,0
2416,17,1,2,0
2417,17,1,3,0
2418,17,1,4,0
2419,17,1,5,0
2420,17,1,6,0
2421,17,1,7,0
2422,17,1,8,0
2423,17,1,9,0
2424,17,1,10,0
2425,17,1,11,0
2426,17,1,12,0
2427,17,1,13,0
2428,17,1,14,0
2429,17,1,15,0
2430,17,2,1,0
2431,17,2,2,0
2432,17,2,3,0
2433,17,2,4,0
2434,17,2,5,0
2435,17,2,6,0
2436,17,2,7,0
2437,17,2,8,0
2438,17,2,9,0
2439,17,2,10,0
2440,17,2,11,0
2441,17,2,12,0
2442,17,2,13,0
2443,17,2,14,0
2444,17,2,15,0
2445,17,3,1,0
2446,17,3,2,0
2447,17,3,3,0
2448,17,3,4,0
2449,17,3,5,0
2450,17,3,6,0
2451,17,3,7,0
2452,17,3,8,0
2453,17,3,9,0
2454,17,3,10,0
2455,17,3,11,0
2456,17,3,12,0
2457,17,3,13,0
2458,17,3,14,0
2459,17,3,15,0
2460,17,4,1,0
2461,17,4,2,0
2462,17,4,3,0
2463,17,4,4,0
2464,17,4,5,0
2465,17,4,6,0
2466,17,4,7,0
2467,17,4,8,0
2468,17,4,9,0
2469,17,4,10,0
2470,17,4,11,0
2471,17,4,12,0
2472,17,4,13,0
2473,17,4,14,0
2474,17,4,15,0
2475,17,5,1,0
2476,17,5,2,0
2477,17,5,3,0
2478,17,5,4,0
2479,17,5,5,0
2480,17,5,6,0
2481,17,5,7,0
2482,17,5,8,0
2483,17,5,9,0
2484,17,5,10,0
2485,17,5,11,0
2486,17,5,12,0
2487,17,5,13,0
2488,17,5,14,0
2489,17,5,15,0
2490,17,6,1,0
2491,17,6,2,0
2492,17,6,3,0
2493,17,6,4,0
2494,17,6,5,0
2495,17,6,6,0
2496,17,6,7,0
2497,17,6,8,0
2498,17,6,9,0
2499,17,6,10,0
2500,17,6,11,0
2501,17,6,12,0
2502,17,6,13,0
2503,17,6,14,0
2504,17,6,15,0
2505,17,7,1,0
2506,17,7,2,18
2507,17,7,3,0
2508,17,7,4,0
2509,17,7,5,0
2510,17,7,6,0
2511,17,7,7,0
2512,17,7,8,0
2513,17,7,9,3
2514,17,7,10,3
2515,17,7,11,0
2516,17,7,12,0
2517,17,7,13,0
2518,17,7,14,0
2519,17,7,15,12
2520,17,8,1,10
2521,17,8,2,2
2522,17,8,3,0
2523,17,8,4,0
2524,17,8,5,0
2525,17,8,6,0
2526,17,8,7,6
2527,17,8,8,5
2528,17,8,9,0
2529,17,8,10,0
2530,17,8,11,1
2531,17,8,12,0
2532,17,8,13,0
2533,17,8,14,0
2534,17,8,15,12
2535,17,9,1,1
2536,17,9,2,0
2537,17,9,3,0
2538,17,9,4,0
2539,17,9,5,0
2540,17,9,6,26
2541,17,9,7,0
2542,17,9,8,0
2543,17,9,9,0
2544,17,9,10,0
2545,17,9,11,0
2546,17,9,12,1
2547,17,9,13,5
2548,17,9,14,1
2549,17,9,15,0
2550,18,0,1,0
2551,18,0,2,0
2552,18,0,3,0
2553,18,0,4,0
2554,18,0,5,0
2555,18,0,6,0
2556,18,0,7,0
2557,18,0,8,0
2558,18,0,9,0
2559,18,0,10,0
2560,18,0,11,0
2561,18,0,12,0
2562,18,0,13,0
2563,18,0,14,0
2564,18,0,15,0
2565,18,1,1,0
2566,18,1,2,0
2567,18,1,3,0
2568,18,1,4,0
2569,18,1,5,0
2570,18,1,6,0
2571,18,1,7,0
2572,18,1,8,0
2573,18,1,9,0
2574,18,1,10,0
2575,18,1,11,0
2576,18,1,12,0
2577,18,1,13,0
2578,18,1,14,0
2579,18,1,15,0
2580,18,2,1,0
2581,18,2,2,0
2582,18,2,3,0
2583,18,2,4,0
2584,18,2,5,0
2585,18,2,6,0
2586,18,2,7,0
2587,18,2,8,0
2588,18,2,9,0
2589,18,2,10,0
2590,18,2,11,0
2591,18,2,12,0
2592,18,2,13,0
2593,18,2,14,0
2594,18,2,15,0
2595,18,3,1,0
2596,18,3,2,0
2597,18,3,3,0
2598,18,3,4,0
2599,18,3,5,0
2600,18,3,6,0
2601,18,3,7,0
2602,18,3,8,0
2603,18,3,9,0
2604,18,3,10,0
2605,18,3,11,0
2606,18,3,12,0
2607,18,3,13,0
2608,18,3,14,0
2609,18,3,15,0
2610,18,4,1,0
2611,18,4,2,0
2612,18,4,3,0
2613,18,4,4,0
2614,18,4,5,0
2615,18,4,6,0
2616,18,4,7,0
2617,18,4,8,0
2618,18,4,9,0
2619,18,4,10,0
2620,18,4,11,0
2621,18,4,12,0
2622,18,4,13,0
2623,18,4,14,0
2624,18,4,15,0
2625,18,5,1,0
2626,18,5,2,0
2627,18,5,3,0
2628,18,5,4,0
2629,18,5,5,0
2630,18,5,6,0
2631,18,5,7,0
2632,18,5,8,0
2633,18,5,9,0
2634,18,5,10,0
2635,18,5,11,0
2636,18,5,12,0
2637,18,5,13,0
2638,18,5,14,0
2639,18,5,15,0
2640,18,6,1,0
2641,18,6,2,0
2642,18,6,3,0
2643,18,6,4,0
2644,18,6,5,0
2645,18,6,6,0
2646,18,6,7,0
2647,18,6,8,0
2648,18,6,9,0
2649,18,6,10,0
2650,18,6,11,0
2651,18,6,12,0
2652,18,6,13,0
2653,18,6,14,0
2654,18,6,15,0
2655,18,7,1,0
2656,18,7,2,0
2657,18,7,3,0
2658,18,7,4,0
2659,18,7,5,0
2660,18,7,6,0
2661,18,7,7,0
2662,18,7,8,0
2663,18,7,9,0
2664,18,7,10,0
2665,18,7,11,0
2666,18,7,12,0
2667,18,7,13,0
2668,18,7,14,0
2669,18,7,15,0
2670,18,8,1,10
2671,18,8,2,0
2672,18,8,3,0
2673,18,8,4,5
2674,18,8,5,0
2675,18,8,6,0
2676,18,8,7,0
2677,18,8,8,6
2678,18,8,9,0
2679,18,8,10,0
2680,18,8,11,2
2681,18,8,12,1
2682,18,8,13,0
2683,18,8,14,1
2684,18,8,15,11
2685,18,9,1,0
2686,18,9,2,0
2687,18,9,3,0
2688,18,9,4,0
2689,18,9,5,0
2690,18,9,6,0
2691,18,9,7,0
2692,18,9,8,0
2693,18,9,9,0
2694,18,9,10,0
2695,18,9,11,0
2696,18,9,12,0
2697,18,9,13,0
2698,18,9,14,0
2699,18,9,15,0
2700,19,0,1,1
2701,19,0,2,4
2702,19,0,3,0
2703,19,0,4,17
2704,19,0,5,3
2705,19,0,6,2
2706,19,0,7,0
2707,19,0,8,3
2708,19,0,9,0
2709,19,0,10,0
2710,19,0,11,0
2711,19,0,12,2
2712,19,0,13,0
2713,19,0,14,0
2714,19,0,15,0
2715,19,1,1,0
2716,19,1,2,0
2717,19,1,3,0
2718,19,1,4,0
2719,19,1,5,0
2720,19,1,6,0
2721,19,1,7,0
2722,19,1,8,0
2723,19,1,9,0
2724,19,1,10,0
2725,19,1,11,0
2726,19,1,12,0
2727,19,1,13,0
2728,19,1,14,0
2729,19,1,15,0
2730,19,2,1,0
2731,19,2,2,0
2732,19,2,3,0
2733,19,2,4,0
2734,19,2,5,0
2735,19,2,6,0
2736,19,2,7,0
2737,19,2,8,0
2738,19,2,9,0
2739,19,2,10,0
2740,19,2,11,0
2741,19,2,12,0
2742,19,2,13,0
2743,19,2,14,0
2744,19,2,15,0
2745,19,3,1,0
2746,19,3,2,0
2747,19,3,3,0
2748,19,3,4,0
2749,19,3,5,0
2750,19,3,6,0
2751,19,3,7,0
2752,19,3,8,0
2753,19,3,9,0
2754,19,3,10,0
2755,19,3,11,0
2756,19,3,12,0
2757,19,3,13,0
2758,19,3,14,0
2759,19,3,15,0
2760,19,4,1,0
2761,19,4,2,0
2762,19,4,3,0
2763,19,4,4,0
2764,19,4,5,0
2765,19,4,6,0
2766,19,4,7,0
2767,19,4,8,0
2768,19,4,9,0
2769,19,4,10,0
2770,19,4,11,0
2771,19,4,12,0
2772,19,4,13,0
2773,19,4,14,0
2774,19,4,15,0
2775,19,5,1,11
2776,19,5,2,0
2777,19,5,3,7
2778,19,5,4,0
2779,19,5,5,0
2780,19,5,6,0
2781,19,5,7,6
2782,19,5,8,0
2783,19,5,9,0
2784,19,5,10,0
2785,19,5,11,0
2786,19,5,12,0
2787,19,5,13,4
2788,19,5,14,0
2789,19,5,15,8
2790,19,6,1,0
2791,19,6,2,0
2792,19,6,3,0
2793,19,6,4,0
2794,19,6,5,0
2795,19,6,6,0
2796,19,6,7,0
2797,19,6,8,0
2798,19,6,9,0
2799,19,6,10,0
2800,19,6,11,0
2801,19,6,12,0
2802,19,6,13,0
2803,19,6,14,0
2804,19,6,15,0
2805,19,7,1,0
2806,19,7,2,0
2807,19,7,3,0
2808,19,7,4,0
2809,19,7,5,0
2810,19,7,6,0
2811,19,7,7,0
2812,19,7,8,0
2813,19,7,9,0
2814,19,7,10,0
2815,19,7,11,0
2816,19,7,12,0
2817,19,7,13,0
2818,19,7,14,0
2819,19,7,15,0
2820,19,8,1,0
2821,19,8,2,0
2822,19,8,3,0
2823,19,8,4,0
2824,19,8,5,0
2825,19,8,6,0
2826,19,8,7,0
2827,19,8,8,0
2828,19,8,9,0
2829,19,8,10,0
2830,19,8,11,0
2831,19,8,12,0
2832,19,8,13,0
2833,19,8,14,0
2834,19,8,15,0
2835,19,9,1,0
2836,19,9,2,0
2837,19,9,3,0
2838,19,9,4,0
2839,19,9,5,0
2840,19,9,6,0
2841,19,9,7,0
2842,19,9,8,0
2843,19,9,9,0
2844,19,9,10,0
2845,19,9,11,0
2846,19,9,12,0
2847,19,9,13,0
2848,19,9,14,0
2849,19,9,15,0
2850,20,0,1,0
2851,20,0,2,0
2852,20,0,3,0
2853,20,0,4,0
2854,20,0,5,0
2855,20,0,6,0
2856,20,0,7,0
2857,20,0,8,0
2858,20,0,9,0
2859,20,0,10,0
2860,20,0,11,0
2861,20,0,12,0
2862,20,0,13,0
2863,20,0,14,0
2864,20,0,15,0
2865,20,1,1,0
2866,20,1,2,0
2867,20,1,3,0
2868,20,1,4,0
2869,20,1,5,0
2870,20,1,6,0
2871,20,1,7,0
2872,20,1,8,0
2873,20,1,9,0
2874,20,1,10,0
2875,20,1,11,0
2876,20,1,12,0
2877,20,1,13,0
2878,20,1,14,0
2879,20,1,15,0
2880,20,2,1,0
2881,20,2,2,0
2882,20,2,3,0
2883,20,2,4,0
2884,20,2,5,0
2885,20,2,6,0
2886,20,2,7,0
2887,20,2,8,0
2888,20,2,9,0
2889,20,2,10,0
2890,20,2,11,0
2891,20,2,12,0
2892,20,2,13,0
2893,20,2,14,0
2894,20,2,15,0
2895,20,3,1,10
2896,20,3,2,0
2897,20,3,3,0
2898,20,3,4,0
2899,20,3,5,1
2900,20,3,6,6
2901,20,3,7,0
2902,20,3,8,5
2903,20,3,9,0
2904,20,3,10,1
2905,20,3,11,1
2906,20,3,12,0
2907,20,3,13,0
2908,20,3,14,0
2909,20,3,15,12
2910,20,4,1,0
2911,20,4,2,0
2912,20,4,3,0
2913,20,4,4,0
2914,20,4,5,0
2915,20,4,6,0
2916,20,4,7,0
2917,20,4,8,0
2918,20,4,9,0
2919,20,4,10,0
2920,20,4,11,0
2921,20,4,12,0
2922,20,4,13,0
2923,20,4,14,0
2924,20,4,15,0
2925,20,5,1,0
2926,20,5,2,0
2927,20,5,3,0
2928,20,5,4,0
2929,20,5,5,0
2930,20,5,6,0
2931,20,5,7,0
2932,20,5,8,0
2933,20,5,9,0
2934,20,5,10,0
2935,20,5,11,0
2936,20,5,12,0
2937,20,5,13,0
2938,20,5,14,0
2939,20,5,15,0
2940,20,6,1,0
2941,20,6,2,0
2942,20,6,3,0
2943,20,6,4,0
2944,20,6,5,0
2945,20,6,6,0
2946,20,6,7,0
2947,20,6,8,0
2948,20,6,9,0
2949,20,6,10,0
2950,20,6,11,0
2951,20,6,12,0
2952,20,6,13,0
2953,20,6,14,0
2954,20,6,15,0
2955,20,7,1,0
2956,20,7,2,0
2957,20,7,3,0
2958,20,7,4,0
2959,20,7,5,0
2960,20,7,6,0
2961,20,7,7,0
2962,20,7,8,0
2963,20,7,9,0
2964,20,7,10,0
2965,20,7,11,0
2966,20,7,12,0
2967,20,7,13,0
2968,20,7,14,0
2969,20,7,15,0
2970,20,8,1,0
2971,20,8,2,0
2972,20,8,3,0
2973,20,8,4,0
2974,20,8,5,0
2975,20,8,6,0
2976,20,8,7,0
2977,20,8,8,0
2978,20,8,9,0
2979,20,8,10,0
2980,20,8,11,0
2981,20,8,12,0
2982,20,8,13,0
2983,20,8,14,0
2984,20,8,15,0
2985,20,9,1,0
2986,20,9,2,10
2987,20,9,3,7
2988,20,9,4,0
2989,20,9,5,4
2990,20,9,6,4
2991,20,9,7,2
2992,20,9,8,0
2993,20,9,9,1
2994,20,9,10,0
2995,20,9,11,0
2996,20,9,12,0
2997,20,9,13,4
2998,20,9,14,0
2999,20,9,15,2
