,k,t,i,b,x,y,z,r
0,0,1,1,a,0,0,0,0
1,0,1,1,a,0,0,750,0
2,0,1,1,a,0,0,1500,0
3,0,1,1,a,0,0,2250,0
4,0,1,1,a,1600,0,0,0
5,0,1,1,a,1600,0,750,0
6,0,1,1,a,1600,0,1500,0
7,0,1,1,a,1600,0,2250,0
8,0,1,1,a,3200,0,0,0
9,0,1,1,a,3200,0,750,0
10,0,1,1,a,3200,0,1500,0
11,0,1,1,a,3200,0,2250,0
12,0,1,1,a,4800,0,0,0
13,0,1,1,a,4800,0,750,0
14,0,1,1,a,4800,0,1500,0
15,0,1,1,a,4800,0,2250,0
16,0,1,3,b,6400,0,0,1
17,0,1,3,b,6400,0,1000,1
18,0,1,3,b,6400,0,2000,1
19,0,1,3,b,7600,0,0,1
20,0,1,3,b,7600,0,1000,1
21,0,1,3,b,7600,0,2000,1
22,0,1,3,b,8800,0,0,1
23,0,1,3,b,8800,0,1000,1
24,0,1,3,b,8800,0,2000,1
25,0,1,3,b,10000,0,0,1
26,0,1,3,b,10000,0,1000,1
27,0,1,3,b,10000,0,2000,1
28,0,1,3,b,11200,0,0,1
29,0,1,3,b,11200,0,1000,1
30,0,1,3,b,11200,0,2000,1
31,0,1,3,b,12400,0,0,1
32,0,1,3,b,12400,0,1000,1
33,0,1,3,b,12400,0,2000,1
34,0,1,2,a,0,1200,0,0
35,0,1,2,a,0,1200,750,0
36,0,1,2,a,0,1200,1500,0
37,0,1,2,a,0,1200,2250,0
38,0,1,2,a,1600,1200,0,0
39,0,1,2,a,1600,1200,750,0
40,0,1,2,a,1600,1200,1500,0
41,0,1,2,a,1600,1200,2250,0
42,0,1,2,a,3200,1200,0,0
43,0,1,2,a,3200,1200,750,0
44,0,1,2,a,3200,1200,1500,0
45,0,1,2,a,3200,1200,2250,0
46,0,1,2,a,4800,1200,0,0
47,0,1,2,a,4800,1200,750,0
48,0,1,2,a,4800,1200,1500,0
49,0,1,2,a,4800,1200,2250,0
50,0,1,2,a,6400,1200,0,0
51,0,1,2,a,6400,1200,750,0
52,0,1,2,a,6400,1200,1500,0
53,0,1,2,a,6400,1200,2250,0
54,0,1,2,a,8000,1200,0,0
55,0,1,2,a,8000,1200,750,0
56,0,1,2,a,8000,1200,1500,0
57,0,1,2,a,8000,1200,2250,0
58,0,1,2,a,9600,1200,0,0
59,0,1,2,a,9600,1200,750,0
60,0,1,2,a,9600,1200,1500,0
61,0,1,2,a,9600,1200,2250,0
62,0,1,2,a,11200,1200,0,0
63,0,1,2,a,11200,1200,750,0
64,0,1,2,a,11200,1200,1500,0
65,0,1,2,a,11200,1200,2250,0
66,0,2,5,a,0,0,0,0
67,0,2,5,a,0,0,750,0
68,0,2,5,a,0,0,1500,0
69,0,2,5,a,0,0,2250,0
70,0,2,5,a,1600,0,0,0
71,0,2,5,a,1600,0,750,0
72,0,2,5,a,1600,0,1500,0
73,0,2,5,a,1600,0,2250,0
74,0,2,3,b,3200,0,0,0
75,0,2,3,b,3200,0,1000,0
76,0,2,3,b,3200,0,2000,0
77,0,2,3,b,4400,0,0,0
78,0,2,3,b,4400,0,1000,0
79,0,2,3,b,4400,0,2000,0
80,0,2,3,b,5600,0,0,0
81,0,2,3,b,5600,0,1000,0
82,0,2,3,b,5600,0,2000,0
83,0,2,3,b,6800,0,0,0
84,0,2,3,b,6800,0,1000,0
85,0,2,3,b,6800,0,2000,0
86,0,2,3,b,8000,0,0,0
87,0,2,3,b,8000,0,1000,0
88,0,2,3,b,8000,0,2000,0
89,0,2,3,b,9200,0,0,0
90,0,2,3,b,9200,0,1000,0
91,0,2,3,b,9200,0,2000,0
92,0,2,3,b,10400,0,0,0
93,0,2,3,b,10400,0,1000,0
94,0,2,3,b,10400,0,2000,0
95,0,2,3,b,11600,0,0,0
96,0,2,3,b,11600,0,1000,0
97,0,2,3,b,11600,0,2000,0
98,0,2,1,a,0,1200,0,0
99,0,2,1,a,0,1200,750,0
100,0,2,1,a,0,1200,1500,0
101,0,2,1,a,0,1200,2250,0
102,0,2,1,a,1600,1200,0,0
103,0,2,1,a,1600,1200,750,0
104,0,2,1,a,1600,1200,1500,0
105,0,2,2,a,1600,1200,2250,0
106,0,2,2,a,1600,1200,3000,0
107,0,2,2,a,1600,1200,3750,0
108,0,2,2,a,1600,1200,4500,0
109,0,2,2,a,3200,1200,0,0
110,0,2,2,a,3200,1200,750,0
111,0,2,2,a,3200,1200,1500,0
112,0,2,2,a,3200,1200,2250,0
113,0,2,2,a,4800,1200,0,0
114,0,2,2,a,4800,1200,750,0
115,0,2,2,a,4800,1200,1500,0
116,0,2,2,a,4800,1200,2250,0
117,0,2,2,a,6400,1200,0,0
118,0,2,2,a,6400,1200,750,0
119,0,2,2,a,6400,1200,1500,0
120,0,2,2,a,6400,1200,2250,0
121,0,2,2,a,8000,1200,0,0
122,0,2,3,b,8000,1200,750,0
123,0,2,3,b,8000,1200,1750,0
124,0,2,3,b,8000,1200,2750,0
125,0,3,2,a,0,0,0,0
126,0,3,2,a,0,0,750,0
127,0,3,2,a,0,0,1500,0
128,0,3,2,a,0,0,2250,0
129,0,3,2,a,1600,0,0,0
130,0,3,2,a,1600,0,750,0
131,0,3,2,a,1600,0,1500,0
132,0,3,2,a,1600,0,2250,0
133,0,3,2,a,3200,0,0,0
134,0,3,2,a,3200,0,750,0
135,0,3,2,a,3200,0,1500,0
136,0,3,2,a,3200,0,2250,0
137,0,3,2,a,4800,0,0,0
138,0,3,2,a,4800,0,750,0
139,0,3,2,a,4800,0,1500,0
140,0,3,2,a,4800,0,2250,0
141,0,3,4,b,6400,0,0,1
142,0,3,4,b,6400,0,1000,1
143,0,3,4,b,6400,0,2000,1
144,0,3,4,b,7600,0,0,1
145,0,3,4,b,7600,0,1000,1
146,0,3,4,b,7600,0,2000,1
147,0,3,4,b,8800,0,0,1
148,0,3,4,b,8800,0,1000,1
149,0,3,4,b,8800,0,2000,1
150,0,3,4,b,10000,0,0,1
151,0,3,4,b,10000,0,1000,1
152,0,3,4,b,10000,0,2000,1
153,0,3,4,b,11200,0,0,1
154,0,3,4,b,11200,0,1000,1
155,0,3,4,b,11200,0,2000,1
156,0,3,4,b,12400,0,0,1
157,0,3,4,b,12400,0,1000,1
158,0,3,4,b,12400,0,2000,1
159,0,3,5,a,0,1200,0,0
160,0,3,5,a,0,1200,750,0
161,0,3,5,a,0,1200,1500,0
162,0,3,5,a,0,1200,2250,0
163,0,3,5,a,1600,1200,0,0
164,0,3,5,a,1600,1200,750,0
165,0,3,5,a,1600,1200,1500,0
166,0,3,5,a,1600,1200,2250,0
167,0,3,5,a,3200,1200,0,0
168,0,3,5,a,3200,1200,750,0
169,0,3,5,a,3200,1200,1500,0
170,0,3,5,a,3200,1200,2250,0
171,0,3,5,a,4800,1200,0,0
172,0,3,5,a,4800,1200,750,0
173,0,3,5,a,4800,1200,1500,0
174,0,3,5,a,4800,1200,2250,0
175,0,3,5,a,6400,1200,0,0
176,0,3,5,a,6400,1200,750,0
177,0,3,5,a,6400,1200,1500,0
178,0,3,5,a,6400,1200,2250,0
179,0,3,5,a,8000,1200,0,0
180,0,3,5,a,8000,1200,750,0
181,0,3,5,a,8000,1200,1500,0
182,0,3,5,a,8000,1200,2250,0
183,0,3,5,a,9600,1200,0,0
184,0,3,5,a,9600,1200,750,0
185,0,3,5,a,9600,1200,1500,0
186,0,3,5,a,9600,1200,2250,0
187,0,3,3,b,11200,1200,0,0
188,0,3,3,b,11200,1200,1000,0
189,0,3,3,b,11200,1200,2000,0
190,0,3,3,b,12400,1200,0,0
191,0,3,3,b,12400,1200,1000,0
192,0,3,3,b,12400,1200,2000,0
193,0,4,3,b,0,0,0,1
194,0,4,3,b,0,0,1000,1
195,0,4,3,b,0,0,2000,1
196,0,4,3,b,1200,0,0,1
197,0,4,3,b,1200,0,1000,1
198,0,4,3,b,1200,0,2000,1
199,0,4,3,b,2400,0,0,1
200,0,4,3,b,2400,0,1000,1
201,0,4,3,b,2400,0,2000,1
202,0,4,3,b,3600,0,0,1
203,0,4,3,b,3600,0,1000,1
204,0,4,3,b,3600,0,2000,1
205,0,4,3,b,4800,0,0,1
206,0,4,3,b,4800,0,1000,1
207,0,4,5,b,4800,0,2000,1
208,0,4,1,a,0,1200,3000,0
209,0,4,2,a,0,1200,3750,0
210,0,4,2,a,0,1200,4500,0
211,0,4,2,a,0,1200,5250,0
212,0,4,2,a,0,1200,6000,0
213,0,4,2,a,1600,1200,0,0
214,0,4,2,a,1600,1200,750,0
215,0,4,2,a,1600,1200,1500,0
216,0,4,2,a,1600,1200,2250,0
217,0,4,2,a,3200,1200,0,0
218,0,4,2,a,3200,1200,750,0
219,0,4,2,a,3200,1200,1500,0
220,0,4,2,a,3200,1200,2250,0
221,0,4,2,a,4800,1200,0,0
222,0,4,2,a,4800,1200,750,0
223,0,4,2,a,4800,1200,1500,0
224,0,4,2,a,4800,1200,2250,0
225,0,4,2,a,6400,1200,0,0
226,0,4,2,a,6400,1200,750,0
227,0,4,2,a,6400,1200,1500,0
228,0,4,2,a,6400,1200,2250,0
229,0,4,5,a,8000,1200,0,0
230,0,4,5,a,8000,1200,750,0
231,0,4,5,a,8000,1200,1500,0
232,0,4,5,a,8000,1200,2250,0
233,0,4,5,a,9600,1200,0,0
234,0,4,5,a,9600,1200,750,0
235,0,4,5,a,9600,1200,1500,0
236,0,4,1,b,9600,1200,2250,1
237,0,4,3,b,9600,1200,3250,1
238,0,4,3,b,9600,1200,4250,1
239,0,4,3,b,9600,1200,5250,1
240,0,4,3,b,10800,1200,0,1
241,0,4,3,b,10800,1200,1000,1
242,0,5,3,b,0,0,0,0
243,0,5,3,b,0,0,1000,0
244,0,5,3,b,0,0,2000,0
245,0,5,3,b,1200,0,0,0
246,0,5,3,b,1200,0,1000,0
247,0,5,3,b,1200,0,2000,0
248,0,5,3,b,2400,0,0,0
249,0,5,3,b,2400,0,1000,0
250,0,5,3,b,2400,0,2000,0
251,0,5,3,b,3600,0,0,0
252,0,5,3,b,3600,0,1000,0
253,0,5,3,b,3600,0,2000,0
254,0,5,3,b,4800,0,0,0
255,0,5,3,b,4800,0,1000,0
256,0,5,3,b,4800,0,2000,0
257,0,5,3,b,6000,0,0,0
258,0,5,3,b,6000,0,1000,0
259,0,5,3,b,6000,0,2000,0
260,0,5,3,b,7200,0,0,0
261,0,5,3,b,7200,0,1000,0
262,0,5,3,b,7200,0,2000,0
263,0,5,3,b,8400,0,0,0
264,0,5,3,b,8400,0,1000,0
265,0,5,3,b,8400,0,2000,0
266,0,5,3,b,9600,0,0,0
267,0,5,3,b,9600,0,1000,0
268,0,5,3,b,9600,0,2000,0
269,0,5,3,b,10800,0,0,0
270,0,5,3,b,10800,0,1000,0
271,0,5,3,b,10800,0,2000,0
272,0,5,3,b,12000,0,0,0
273,0,5,3,b,12000,0,1000,0
274,0,5,3,b,12000,0,2000,0
275,0,5,2,a,0,1200,0,0
276,0,5,2,a,0,1200,750,0
277,0,5,2,a,0,1200,1500,0
278,0,5,2,a,0,1200,2250,0
279,0,5,2,a,1600,1200,0,0
280,0,5,2,a,1600,1200,750,0
281,0,5,2,a,1600,1200,1500,0
282,0,5,2,a,1600,1200,2250,0
283,0,5,2,a,3200,1200,0,0
284,0,5,2,a,3200,1200,750,0
285,0,5,2,a,3200,1200,1500,0
286,0,5,2,a,3200,1200,2250,0
287,0,5,2,a,4800,1200,0,0
288,0,5,2,a,4800,1200,750,0
289,0,5,2,a,4800,1200,1500,0
290,0,5,2,a,4800,1200,2250,0
291,0,5,2,a,6400,1200,0,0
292,0,5,2,a,6400,1200,750,0
293,0,5,2,a,6400,1200,1500,0
294,0,5,2,a,6400,1200,2250,0
295,0,5,2,a,8000,1200,0,0
296,0,5,2,a,8000,1200,750,0
297,0,5,2,a,8000,1200,1500,0
298,0,5,2,a,8000,1200,2250,0
299,0,5,2,a,9600,1200,0,0
300,0,5,2,a,9600,1200,750,0
301,0,5,2,a,9600,1200,1500,0
302,0,5,2,a,9600,1200,2250,0
303,0,5,4,b,11200,1200,0,1
304,0,5,4,b,11200,1200,1000,1
305,0,5,4,b,11200,1200,2000,1
306,0,5,4,b,12400,1200,0,1
307,0,5,4,b,12400,1200,1000,1
308,0,5,4,b,12400,1200,2000,1
309,0,7,5,a,0,0,0,0
310,0,7,5,a,0,0,750,0
311,0,7,5,a,0,0,1500,0
312,0,7,5,a,0,0,2250,0
313,0,7,5,a,1600,0,0,0
314,0,7,5,a,1600,0,750,0
315,0,7,5,a,1600,0,1500,0
316,0,7,5,a,1600,0,2250,0
317,0,7,5,a,3200,0,0,0
318,0,7,5,a,3200,0,750,0
319,0,7,5,a,3200,0,1500,0
320,0,7,5,a,3200,0,2250,0
321,0,7,5,a,4800,0,0,0
322,0,7,5,a,4800,0,750,0
323,0,7,5,a,4800,0,1500,0
324,0,7,5,a,4800,0,2250,0
325,0,7,5,a,6400,0,0,0
326,0,7,5,a,6400,0,750,0
327,0,7,5,a,6400,0,1500,0
328,0,7,5,a,6400,0,2250,0
329,0,7,5,a,8000,0,0,0
330,0,7,5,a,8000,0,750,0
331,0,7,5,a,8000,0,1500,0
332,0,7,5,a,8000,0,2250,0
333,0,7,4,b,9600,0,0,0
334,0,7,4,b,9600,0,1000,0
335,0,7,4,b,9600,0,2000,0
336,0,7,4,b,10800,0,0,0
337,0,7,4,b,10800,0,1000,0
338,0,7,4,b,10800,0,2000,0
339,0,7,4,b,12000,0,0,0
340,0,7,4,b,12000,0,1000,0
341,0,7,4,b,12000,0,2000,0
342,0,7,1,a,0,1200,0,0
343,0,7,1,a,0,1200,750,0
344,0,7,1,a,0,1200,1500,0
345,0,7,1,a,0,1200,2250,0
346,0,7,3,b,1600,1200,0,1
347,0,7,3,b,1600,1200,1000,1
348,0,7,3,b,1600,1200,2000,1
349,0,7,3,b,2800,1200,0,1
350,0,7,3,b,2800,1200,1000,1
351,0,7,3,b,2800,1200,2000,1
352,0,7,3,b,4000,1200,0,1
353,0,7,3,b,4000,1200,1000,1
354,0,7,3,b,4000,1200,2000,1
355,0,7,3,b,5200,1200,0,1
356,0,7,3,b,5200,1200,1000,1
357,0,7,3,b,5200,1200,2000,1
358,0,7,3,b,6400,1200,0,1
359,0,7,3,b,6400,1200,1000,1
360,0,7,3,b,6400,1200,2000,1
361,0,7,3,b,7600,1200,0,1
362,0,7,3,b,7600,1200,1000,1
363,0,7,3,b,7600,1200,2000,1
364,0,7,3,b,8800,1200,0,1
365,0,7,3,b,8800,1200,1000,1
366,0,7,3,b,8800,1200,2000,1
367,0,7,3,b,10000,1200,0,1
368,0,7,3,b,10000,1200,1000,1
369,0,7,3,b,10000,1200,2000,1
370,0,7,3,b,11200,1200,0,1
371,0,7,3,b,11200,1200,1000,1
372,0,7,3,b,11200,1200,2000,1
373,0,8,3,b,0,0,0,0
374,0,8,3,b,0,0,1000,0
375,0,8,3,b,0,0,2000,0
376,0,8,3,b,1200,0,0,0
377,0,8,3,b,1200,0,1000,0
378,0,8,3,b,1200,0,2000,0
379,0,8,3,b,2400,0,0,0
380,0,8,3,b,2400,0,1000,0
381,0,8,3,b,2400,0,2000,0
382,0,8,3,b,3600,0,0,0
383,0,8,3,b,3600,0,1000,0
384,0,8,3,b,3600,0,2000,0
385,0,8,3,b,4800,0,0,0
386,0,8,3,b,4800,0,1000,0
387,0,8,3,b,4800,0,2000,0
388,0,8,3,b,6000,0,0,0
389,0,8,3,b,6000,0,1000,0
390,0,8,3,b,6000,0,2000,0
391,0,8,3,b,7200,0,0,0
392,0,8,3,b,7200,0,1000,0
393,0,8,3,b,7200,0,2000,0
394,0,8,3,b,8400,0,0,0
395,0,8,3,b,8400,0,1000,0
396,0,8,3,b,8400,0,2000,0
397,0,8,3,b,9600,0,0,0
398,0,8,3,b,9600,0,1000,0
399,0,8,3,b,9600,0,2000,0
400,0,8,3,b,10800,0,0,0
401,0,8,3,b,10800,0,1000,0
402,0,8,3,b,10800,0,2000,0
403,0,8,3,b,12000,0,0,0
404,0,8,3,b,12000,0,1000,0
405,0,8,3,b,12000,0,2000,0
406,0,8,1,a,0,1200,0,0
407,0,8,1,a,0,1200,750,0
408,0,8,1,a,0,1200,1500,0
409,0,8,1,a,0,1200,2250,0
410,0,8,1,a,1600,1200,0,0
411,0,8,1,a,1600,1200,750,0
412,0,8,1,a,1600,1200,1500,0
413,0,8,1,a,1600,1200,2250,0
414,0,8,1,a,3200,1200,0,0
415,0,8,1,a,3200,1200,750,0
416,0,8,1,a,3200,1200,1500,0
417,0,8,1,a,3200,1200,2250,0
418,0,8,1,a,4800,1200,0,0
419,0,8,1,a,4800,1200,750,0
420,0,8,1,a,4800,1200,1500,0
421,0,8,1,a,4800,1200,2250,0
422,0,8,1,a,6400,1200,0,0
423,0,8,1,a,6400,1200,750,0
424,0,8,1,a,6400,1200,1500,0
425,0,8,1,a,6400,1200,2250,0
426,0,8,1,a,8000,1200,0,0
427,0,8,1,a,8000,1200,750,0
428,0,8,1,a,8000,1200,1500,0
429,0,8,1,a,8000,1200,2250,0
430,0,8,1,a,9600,1200,0,0
431,0,8,1,a,9600,1200,750,0
432,0,8,1,a,9600,1200,1500,0
433,0,8,1,a,9600,1200,2250,0
434,0,8,3,b,11200,1200,0,0
435,0,8,3,b,11200,1200,1000,0
436,0,8,3,b,11200,1200,2000,0
437,0,8,3,b,12400,1200,0,0
438,0,8,3,b,12400,1200,1000,0
439,0,8,3,b,12400,1200,2000,0
440,0,10,4,b,0,0,0,0
441,0,10,4,b,0,0,1000,0
442,0,10,4,b,0,0,2000,0
443,0,10,3,b,1200,0,0,1
444,0,10,3,b,1200,0,1000,1
445,0,10,3,b,1200,0,2000,1
446,0,10,3,b,2400,0,0,1
447,0,10,3,b,2400,0,1000,1
448,0,10,3,b,2400,0,2000,1
449,0,10,3,b,3600,0,0,1
450,0,10,3,b,3600,0,1000,1
451,0,10,3,b,3600,0,2000,1
452,0,10,3,b,4800,0,0,1
453,0,10,3,b,4800,0,1000,1
454,0,10,3,b,4800,0,2000,1
455,0,10,3,b,6000,0,0,1
456,0,10,3,b,6000,0,1000,1
457,0,10,3,b,6000,0,2000,1
458,0,10,3,b,7200,0,0,1
459,0,10,3,b,7200,0,1000,1
460,0,10,3,b,7200,0,2000,1
461,0,10,3,b,8400,0,0,1
462,0,10,3,b,8400,0,1000,1
463,0,10,3,b,8400,0,2000,1
464,0,10,3,b,9600,0,0,1
465,0,10,3,b,9600,0,1000,1
466,0,10,4,b,9600,0,2000,1
467,0,10,1,a,0,1200,3000,0
468,0,10,1,a,0,1200,3750,0
469,0,10,1,a,0,1200,4500,0
470,0,10,1,a,0,1200,5250,0
471,0,10,1,a,1600,1200,0,0
472,0,10,1,a,1600,1200,750,0
473,0,10,1,a,1600,1200,1500,0
474,0,10,1,a,1600,1200,2250,0
475,0,10,1,a,3200,1200,0,0
476,0,10,1,a,3200,1200,750,0
477,0,10,1,a,3200,1200,1500,0
478,0,10,1,a,3200,1200,2250,0
479,0,10,1,a,4800,1200,0,0
480,0,10,1,a,4800,1200,750,0
481,0,10,1,a,4800,1200,1500,0
482,0,10,1,a,4800,1200,2250,0
483,0,10,1,a,6400,1200,0,0
484,0,10,1,a,6400,1200,750,0
485,0,10,1,a,6400,1200,1500,0
486,0,10,1,a,6400,1200,2250,0
487,0,10,4,b,8000,1200,0,0
488,0,10,4,b,8000,1200,1000,0
489,0,10,4,b,8000,1200,2000,0
490,0,10,4,b,9200,1200,0,0
491,0,10,4,b,9200,1200,1000,0
492,0,10,4,b,9200,1200,2000,0
493,0,10,4,b,10400,1200,0,0
494,0,10,4,b,10400,1200,1000,0
495,0,10,4,b,10400,1200,2000,0
496,0,10,1,b,11600,1200,0,1
497,0,10,1,b,11600,1200,1000,1
498,0,10,1,b,11600,1200,2000,1
499,1,1,1,a,0,0,0,0
500,1,1,1,a,0,0,750,0
501,1,1,1,a,0,0,1500,0
502,1,1,1,a,0,0,2250,0
503,1,1,1,b,1600,0,0,0
504,1,1,4,b,1600,0,1000,0
505,1,1,4,b,1600,0,2000,0
506,1,1,4,b,1600,0,3000,0
507,1,1,4,b,2800,0,0,0
508,1,1,4,b,2800,0,1000,0
509,1,1,4,b,2800,0,2000,0
510,1,1,4,b,4000,0,0,0
511,1,1,4,b,4000,0,1000,0
512,1,1,4,b,4000,0,2000,0
513,1,1,4,b,5200,0,0,0
514,1,1,4,b,5200,0,1000,0
515,1,1,3,b,5200,0,2000,1
516,1,1,3,b,5200,0,3000,1
517,1,1,3,b,5200,0,4000,1
518,1,1,3,b,6400,0,0,1
519,1,1,3,b,6400,0,1000,1
520,1,1,3,b,6400,0,2000,1
521,1,1,3,b,7600,0,0,1
522,1,1,3,b,7600,0,1000,1
523,1,1,3,b,7600,0,2000,1
524,1,1,3,b,8800,0,0,1
525,1,1,4,b,8800,0,1000,1
526,1,1,4,b,8800,0,2000,1
527,1,1,4,b,8800,0,3000,1
528,1,1,4,b,10000,0,0,1
529,1,1,4,b,10000,0,1000,1
530,1,1,4,b,10000,0,2000,1
531,1,1,4,b,11200,0,0,1
532,1,1,4,b,11200,0,1000,1
533,1,1,5,a,0,1200,2000,0
534,1,1,5,a,0,1200,2750,0
535,1,1,5,a,0,1200,3500,0
536,1,1,5,a,0,1200,4250,0
537,1,1,5,a,1600,1200,0,0
538,1,1,5,a,1600,1200,750,0
539,1,1,5,a,1600,1200,1500,0
540,1,1,5,a,1600,1200,2250,0
541,1,1,5,a,3200,1200,0,0
542,1,1,5,a,3200,1200,750,0
543,1,1,5,a,3200,1200,1500,0
544,1,1,5,a,3200,1200,2250,0
545,1,1,5,a,4800,1200,0,0
546,1,1,5,a,4800,1200,750,0
547,1,1,5,a,4800,1200,1500,0
548,1,1,5,a,4800,1200,2250,0
549,1,1,5,a,6400,1200,0,0
550,1,1,5,a,6400,1200,750,0
551,1,1,5,a,6400,1200,1500,0
552,1,1,5,a,6400,1200,2250,0
553,1,1,5,a,8000,1200,0,0
554,1,1,5,a,8000,1200,750,0
555,1,1,5,a,8000,1200,1500,0
556,1,1,5,a,8000,1200,2250,0
557,1,1,5,a,9600,1200,0,0
558,1,1,5,a,9600,1200,750,0
559,1,1,5,a,9600,1200,1500,0
560,1,1,5,a,9600,1200,2250,0
561,1,1,1,b,11200,1200,0,1
562,1,1,1,b,11200,1200,1000,1
563,1,1,1,b,11200,1200,2000,1
564,1,1,1,b,12400,1200,0,1
565,1,1,1,b,12400,1200,1000,1
566,1,1,1,b,12400,1200,2000,1
567,1,2,1,a,0,0,0,0
568,1,2,1,a,0,0,750,0
569,1,2,1,a,0,0,1500,0
570,1,2,1,a,0,0,2250,0
571,1,2,3,b,1600,0,0,0
572,1,2,3,b,1600,0,1000,0
573,1,2,3,b,1600,0,2000,0
574,1,2,3,b,2800,0,0,0
575,1,2,3,b,2800,0,1000,0
576,1,2,3,b,2800,0,2000,0
577,1,2,3,b,4000,0,0,0
578,1,2,3,b,4000,0,1000,0
579,1,2,3,b,4000,0,2000,0
580,1,2,3,b,5200,0,0,0
581,1,2,3,b,5200,0,1000,0
582,1,2,3,b,5200,0,2000,0
583,1,2,3,b,6400,0,0,0
584,1,2,3,b,6400,0,1000,0
585,1,2,3,b,6400,0,2000,0
586,1,2,3,b,7600,0,0,0
587,1,2,3,b,7600,0,1000,0
588,1,2,3,b,7600,0,2000,0
589,1,2,3,b,8800,0,0,0
590,1,2,3,b,8800,0,1000,0
591,1,2,3,b,8800,0,2000,0
592,1,2,3,b,10000,0,0,0
593,1,2,3,b,10000,0,1000,0
594,1,2,3,b,10000,0,2000,0
595,1,2,3,b,11200,0,0,0
596,1,2,3,b,11200,0,1000,0
597,1,2,3,b,11200,0,2000,0
598,1,2,3,b,12400,0,0,0
599,1,2,3,b,12400,0,1000,0
600,1,2,3,b,12400,0,2000,0
601,1,2,1,a,0,1200,0,0
602,1,2,1,a,0,1200,750,0
603,1,2,1,a,0,1200,1500,0
604,1,2,1,a,0,1200,2250,0
605,1,2,1,a,1600,1200,0,0
606,1,2,1,a,1600,1200,750,0
607,1,2,1,a,1600,1200,1500,0
608,1,2,1,a,1600,1200,2250,0
609,1,2,1,a,3200,1200,0,0
610,1,2,1,a,3200,1200,750,0
611,1,2,1,a,3200,1200,1500,0
612,1,2,1,a,3200,1200,2250,0
613,1,2,3,b,4800,1200,0,1
614,1,2,3,b,4800,1200,1000,1
615,1,2,3,b,4800,1200,2000,1
616,1,2,3,b,6000,1200,0,1
617,1,2,4,b,6000,1200,1000,1
618,1,2,4,b,6000,1200,2000,1
619,1,2,4,b,6000,1200,3000,1
620,1,2,4,b,7200,1200,0,1
621,1,2,4,b,7200,1200,1000,1
622,1,2,4,b,7200,1200,2000,1
623,1,2,4,b,8400,1200,0,1
624,1,2,4,b,8400,1200,1000,1
625,1,2,4,b,8400,1200,2000,1
626,1,2,4,b,9600,1200,0,1
627,1,2,4,b,9600,1200,1000,1
628,1,2,4,b,9600,1200,2000,1
629,1,2,4,b,10800,1200,0,1
630,1,2,4,b,10800,1200,1000,1
631,1,2,4,b,10800,1200,2000,1
632,1,2,4,b,12000,1200,0,1
633,1,2,4,b,12000,1200,1000,1
634,1,3,4,b,0,0,0,1
635,1,3,4,b,0,0,1000,1
636,1,3,4,b,0,0,2000,1
637,1,3,4,b,1200,0,0,1
638,1,3,4,b,1200,0,1000,1
639,1,3,4,b,1200,0,2000,1
640,1,3,4,b,2400,0,0,1
641,1,3,4,b,2400,0,1000,1
642,1,3,4,b,2400,0,2000,1
643,1,3,4,b,3600,0,0,1
644,1,3,4,b,3600,0,1000,1
645,1,3,4,b,3600,0,2000,1
646,1,3,4,b,4800,0,0,1
647,1,3,4,b,4800,0,1000,1
648,1,3,4,b,4800,0,2000,1
649,1,3,4,b,6000,0,0,1
650,1,3,4,b,6000,0,1000,1
651,1,3,4,b,6000,0,2000,1
652,1,3,4,b,7200,0,0,1
653,1,3,4,b,7200,0,1000,1
654,1,3,4,b,7200,0,2000,1
655,1,3,4,b,8400,0,0,1
656,1,3,4,b,8400,0,1000,1
657,1,3,4,b,8400,0,2000,1
658,1,3,4,b,9600,0,0,1
659,1,3,4,b,9600,0,1000,1
660,1,3,4,b,9600,0,2000,1
661,1,3,4,b,10800,0,0,1
662,1,3,4,b,10800,0,1000,1
663,1,3,4,b,10800,0,2000,1
664,1,3,4,b,12000,0,0,1
665,1,3,4,b,12000,0,1000,1
666,1,3,4,b,12000,0,2000,1
667,1,3,1,a,0,1200,0,0
668,1,3,1,a,0,1200,750,0
669,1,3,1,a,0,1200,1500,0
670,1,3,1,a,0,1200,2250,0
671,1,3,1,a,1600,1200,0,0
672,1,3,1,a,1600,1200,750,0
673,1,3,1,a,1600,1200,1500,0
674,1,3,1,a,1600,1200,2250,0
675,1,3,1,a,3200,1200,0,0
676,1,3,1,a,3200,1200,750,0
677,1,3,1,a,3200,1200,1500,0
678,1,3,1,a,3200,1200,2250,0
679,1,3,1,a,4800,1200,0,0
680,1,3,1,a,4800,1200,750,0
681,1,3,1,a,4800,1200,1500,0
682,1,3,1,a,4800,1200,2250,0
683,1,3,1,a,6400,1200,0,0
684,1,3,1,a,6400,1200,750,0
685,1,3,1,a,6400,1200,1500,0
686,1,3,1,a,6400,1200,2250,0
687,1,3,1,a,8000,1200,0,0
688,1,3,1,a,8000,1200,750,0
689,1,3,1,a,8000,1200,1500,0
690,1,3,1,a,8000,1200,2250,0
691,1,3,1,a,9600,1200,0,0
692,1,3,1,a,9600,1200,750,0
693,1,3,1,a,9600,1200,1500,0
694,1,3,1,a,9600,1200,2250,0
695,1,3,3,b,11200,1200,0,1
696,1,3,3,b,11200,1200,1000,1
697,1,3,3,b,11200,1200,2000,1
698,1,3,3,b,12400,1200,0,1
699,1,3,3,b,12400,1200,1000,1
700,1,3,3,b,12400,1200,2000,1
701,1,4,4,b,0,0,0,1
702,1,4,4,b,0,0,1000,1
703,1,4,4,b,0,0,2000,1
704,1,4,4,b,1200,0,0,1
705,1,4,4,b,1200,0,1000,1
706,1,4,4,b,1200,0,2000,1
707,1,4,4,b,2400,0,0,1
708,1,4,4,b,2400,0,1000,1
709,1,4,4,b,2400,0,2000,1
710,1,4,4,b,3600,0,0,1
711,1,4,4,b,3600,0,1000,1
712,1,4,4,b,3600,0,2000,1
713,1,4,4,b,4800,0,0,1
714,1,4,4,b,4800,0,1000,1
715,1,4,4,b,4800,0,2000,1
716,1,4,4,b,6000,0,0,1
717,1,4,4,b,6000,0,1000,1
718,1,4,4,b,6000,0,2000,1
719,1,4,4,b,7200,0,0,1
720,1,4,4,b,7200,0,1000,1
721,1,4,4,b,7200,0,2000,1
722,1,4,4,b,8400,0,0,1
723,1,4,4,b,8400,0,1000,1
724,1,4,4,b,8400,0,2000,1
725,1,4,4,b,9600,0,0,1
726,1,4,4,b,9600,0,1000,1
727,1,4,4,b,9600,0,2000,1
728,1,4,4,b,10800,0,0,1
729,1,4,4,b,10800,0,1000,1
730,1,4,4,b,10800,0,2000,1
731,1,4,4,b,12000,0,0,1
732,1,4,4,b,12000,0,1000,1
733,1,4,4,b,12000,0,2000,1
734,1,4,1,a,0,1200,0,0
735,1,4,1,a,0,1200,750,0
736,1,4,1,a,0,1200,1500,0
737,1,4,1,a,0,1200,2250,0
738,1,4,1,a,1600,1200,0,0
739,1,4,1,a,1600,1200,750,0
740,1,4,1,a,1600,1200,1500,0
741,1,4,1,a,1600,1200,2250,0
742,1,4,1,a,3200,1200,0,0
743,1,4,1,a,3200,1200,750,0
744,1,4,1,a,3200,1200,1500,0
745,1,4,1,a,3200,1200,2250,0
746,1,4,1,a,4800,1200,0,0
747,1,4,1,a,4800,1200,750,0
748,1,4,1,a,4800,1200,1500,0
749,1,4,1,a,4800,1200,2250,0
750,1,4,1,a,6400,1200,0,0
751,1,4,1,a,6400,1200,750,0
752,1,4,1,a,6400,1200,1500,0
753,1,4,1,a,6400,1200,2250,0
754,1,4,1,a,8000,1200,0,0
755,1,4,1,a,8000,1200,750,0
756,1,4,1,a,8000,1200,1500,0
757,1,4,1,a,8000,1200,2250,0
758,1,4,1,a,9600,1200,0,0
759,1,4,1,a,9600,1200,750,0
760,1,4,1,a,9600,1200,1500,0
761,1,4,1,a,9600,1200,2250,0
762,1,4,1,a,11200,1200,0,0
763,1,4,1,a,11200,1200,750,0
764,1,4,1,a,11200,1200,1500,0
765,1,4,1,a,11200,1200,2250,0
766,1,5,1,a,0,0,0,0
767,1,5,1,a,0,0,750,0
768,1,5,1,a,0,0,1500,0
769,1,5,1,a,0,0,2250,0
770,1,5,1,a,1600,0,0,0
771,1,5,1,a,1600,0,750,0
772,1,5,1,a,1600,0,1500,0
773,1,5,1,a,1600,0,2250,0
774,1,5,1,a,3200,0,0,0
775,1,5,1,a,3200,0,750,0
776,1,5,1,a,3200,0,1500,0
777,1,5,1,a,3200,0,2250,0
778,1,5,1,a,4800,0,0,0
779,1,5,1,a,4800,0,750,0
780,1,5,1,a,4800,0,1500,0
781,1,5,1,a,4800,0,2250,0
782,1,5,1,a,6400,0,0,0
783,1,5,1,a,6400,0,750,0
784,1,5,1,a,6400,0,1500,0
785,1,5,1,a,6400,0,2250,0
786,1,5,1,a,8000,0,0,0
787,1,5,1,a,8000,0,750,0
788,1,5,1,a,8000,0,1500,0
789,1,5,1,a,8000,0,2250,0
790,1,5,1,a,9600,0,0,0
791,1,5,1,a,9600,0,750,0
792,1,5,1,a,9600,0,1500,0
793,1,5,1,a,9600,0,2250,0
794,1,5,1,a,11200,0,0,0
795,1,5,1,a,11200,0,750,0
796,1,5,1,a,11200,0,1500,0
797,1,5,1,a,11200,0,2250,0
798,1,5,2,a,0,1200,0,0
799,1,5,2,a,0,1200,750,0
800,1,5,2,a,0,1200,1500,0
801,1,5,2,a,0,1200,2250,0
802,1,5,2,a,1600,1200,0,0
803,1,5,2,a,1600,1200,750,0
804,1,5,2,a,1600,1200,1500,0
805,1,5,2,a,1600,1200,2250,0
806,1,5,2,a,3200,1200,0,0
807,1,5,2,a,3200,1200,750,0
808,1,5,2,a,3200,1200,1500,0
809,1,5,2,a,3200,1200,2250,0
810,1,5,2,a,4800,1200,0,0
811,1,5,2,a,4800,1200,750,0
812,1,5,2,a,4800,1200,1500,0
813,1,5,2,a,4800,1200,2250,0
814,1,5,2,a,6400,1200,0,0
815,1,5,2,a,6400,1200,750,0
816,1,5,2,a,6400,1200,1500,0
817,1,5,2,a,6400,1200,2250,0
818,1,5,2,a,8000,1200,0,0
819,1,5,2,a,8000,1200,750,0
820,1,5,2,a,8000,1200,1500,0
821,1,5,2,a,8000,1200,2250,0
822,1,5,2,a,9600,1200,0,0
823,1,5,2,a,9600,1200,750,0
824,1,5,2,a,9600,1200,1500,0
825,1,5,2,a,9600,1200,2250,0
826,1,5,2,a,11200,1200,0,0
827,1,5,2,a,11200,1200,750,0
828,1,5,2,a,11200,1200,1500,0
829,1,5,2,a,11200,1200,2250,0
830,1,7,5,a,0,0,0,0
831,1,7,5,a,0,0,750,0
832,1,7,5,a,0,0,1500,0
833,1,7,5,a,0,0,2250,0
834,1,7,5,a,1600,0,0,0
835,1,7,5,a,1600,0,750,0
836,1,7,5,a,1600,0,1500,0
837,1,7,5,a,1600,0,2250,0
838,1,7,5,a,3200,0,0,0
839,1,7,5,a,3200,0,750,0
840,1,7,5,a,3200,0,1500,0
841,1,7,5,a,3200,0,2250,0
842,1,7,5,a,4800,0,0,0
843,1,7,5,a,4800,0,750,0
844,1,7,5,a,4800,0,1500,0
845,1,7,5,a,4800,0,2250,0
846,1,7,5,a,6400,0,0,0
847,1,7,5,a,6400,0,750,0
848,1,7,5,a,6400,0,1500,0
849,1,7,5,a,6400,0,2250,0
850,1,7,5,a,8000,0,0,0
851,1,7,5,a,8000,0,750,0
852,1,7,5,a,8000,0,1500,0
853,1,7,5,a,8000,0,2250,0
854,1,7,3,b,9600,0,0,0
855,1,7,3,b,9600,0,1000,0
856,1,7,3,b,9600,0,2000,0
857,1,7,3,b,10800,0,0,0
858,1,7,3,b,10800,0,1000,0
859,1,7,3,b,10800,0,2000,0
860,1,7,3,b,12000,0,0,0
861,1,7,3,b,12000,0,1000,0
862,1,7,3,b,12000,0,2000,0
863,1,7,2,a,0,1200,0,0
864,1,7,2,a,0,1200,750,0
865,1,7,2,a,0,1200,1500,0
866,1,7,2,a,0,1200,2250,0
867,1,7,2,a,1600,1200,0,0
868,1,7,2,a,1600,1200,750,0
869,1,7,2,a,1600,1200,1500,0
870,1,7,2,a,1600,1200,2250,0
871,1,7,2,a,3200,1200,0,0
872,1,7,2,a,3200,1200,750,0
873,1,7,2,a,3200,1200,1500,0
874,1,7,2,a,3200,1200,2250,0
875,1,7,2,a,4800,1200,0,0
876,1,7,2,a,4800,1200,750,0
877,1,7,2,a,4800,1200,1500,0
878,1,7,2,a,4800,1200,2250,0
879,1,7,2,a,6400,1200,0,0
880,1,7,2,a,6400,1200,750,0
881,1,7,2,a,6400,1200,1500,0
882,1,7,2,a,6400,1200,2250,0
883,1,7,2,a,8000,1200,0,0
884,1,7,2,a,8000,1200,750,0
885,1,7,2,a,8000,1200,1500,0
886,1,7,2,a,8000,1200,2250,0
887,1,7,2,a,9600,1200,0,0
888,1,7,2,a,9600,1200,750,0
889,1,7,2,a,9600,1200,1500,0
890,1,7,2,a,9600,1200,2250,0
891,1,7,2,a,11200,1200,0,0
892,1,7,2,a,11200,1200,750,0
893,1,7,2,a,11200,1200,1500,0
894,1,7,2,a,11200,1200,2250,0
895,1,8,2,a,0,0,0,0
896,1,8,2,a,0,0,750,0
897,1,8,2,a,0,0,1500,0
898,1,8,2,a,0,0,2250,0
899,1,8,2,a,1600,0,0,0
900,1,8,2,a,1600,0,750,0
901,1,8,2,a,1600,0,1500,0
902,1,8,2,a,1600,0,2250,0
903,1,8,2,a,3200,0,0,0
904,1,8,2,a,3200,0,750,0
905,1,8,2,a,3200,0,1500,0
906,1,8,2,a,3200,0,2250,0
907,1,8,2,a,4800,0,0,0
908,1,8,2,a,4800,0,750,0
909,1,8,2,a,4800,0,1500,0
910,1,8,2,a,4800,0,2250,0
911,1,8,2,a,6400,0,0,0
912,1,8,2,a,6400,0,750,0
913,1,8,2,a,6400,0,1500,0
914,1,8,2,a,6400,0,2250,0
915,1,8,2,a,8000,0,0,0
916,1,8,2,a,8000,0,750,0
917,1,8,2,a,8000,0,1500,0
918,1,8,2,a,8000,0,2250,0
919,1,8,2,a,9600,0,0,0
920,1,8,2,a,9600,0,750,0
921,1,8,2,a,9600,0,1500,0
922,1,8,2,a,9600,0,2250,0
923,1,8,2,a,11200,0,0,0
924,1,8,2,a,11200,0,750,0
925,1,8,2,a,11200,0,1500,0
926,1,8,2,a,11200,0,2250,0
927,1,8,1,a,0,1200,0,0
928,1,8,1,a,0,1200,750,0
929,1,8,1,a,0,1200,1500,0
930,1,8,1,a,0,1200,2250,0
931,1,8,1,a,1600,1200,0,0
932,1,8,1,a,1600,1200,750,0
933,1,8,1,a,1600,1200,1500,0
934,1,8,1,a,1600,1200,2250,0
935,1,8,1,a,3200,1200,0,0
936,1,8,1,a,3200,1200,750,0
937,1,8,1,a,3200,1200,1500,0
938,1,8,1,a,3200,1200,2250,0
939,1,8,4,b,4800,1200,0,0
940,1,8,4,b,4800,1200,1000,0
941,1,8,4,b,4800,1200,2000,0
942,1,8,4,b,6000,1200,0,0
943,1,8,4,b,6000,1200,1000,0
944,1,8,4,b,6000,1200,2000,0
945,1,8,4,b,7200,1200,0,0
946,1,8,4,b,7200,1200,1000,0
947,1,8,4,b,7200,1200,2000,0
948,1,8,4,b,8400,1200,0,0
949,1,8,4,b,8400,1200,1000,0
950,1,8,4,b,8400,1200,2000,0
951,1,8,4,b,9600,1200,0,0
952,1,8,4,b,9600,1200,1000,0
953,1,8,4,b,9600,1200,2000,0
954,1,8,4,b,10800,1200,0,0
955,1,8,4,b,10800,1200,1000,0
956,1,8,4,b,10800,1200,2000,0
957,1,8,4,b,12000,1200,0,0
958,1,8,4,b,12000,1200,1000,0
959,1,8,4,b,12000,1200,2000,0
