id,i,id_container,items_per_container,Stock,Days_Stock_Coverage,name_of_product,CosteStock
1,1,a|b,30|30,1882,3,Front Seat Back Structure LH,1
2,2,c|d,30|25,1881,3,Front Seat Back Structure RH,1
3,3,a,15,1133,3,Front Seat Cushion LH - 4Way,1
4,4,c,15,748,3,Front Seat CushionRH - 4Way,1
5,5,b,12,434,3,Front Seat Cushion LH - 2Way,1
6,6,d,12,703,3,Front Seat Cushion RH - 2Way,1
7,7,a|d,15|16,313,3,Front Seat Cushion LH - 4Way Passenger ,1
8,8,a|d,15|14,429,3,Front Seat Cushion RH - 4Way Passenger ,1
9,9,a|c,15|12,89,3,Track and Cushion Asy - LH - 6W man,1
10,10,a,15,89,3,Track and Cushion Asy - RH - 6W man,1
11,11,d,15,89,3,Seat Back Frame Asy - RH - 5dr/4dr/wgn,1
12,12,c|d,15|12,89,3,Seat Back Frame Asy - LH - 5dr/4dr/wgn,1
13,13,c|d,48|44,1971,3,RR ST Struc 40%  (Back 40%),1
14,14,c|d,22|22,79,3,RR ST Struc 60% (Back 60% - 2X Top Tether) ,1
15,15,a|c|d,24|22|22,1891,3,RR ST Struc 60% (Back 60%) ,1
